Identifiant;Raison sociale;IMEI;Numéro de série;date inscription
564;ISS SERVICES;355523119477760;;2021-03-22 15:07:59
564;ISS SERVICES;356266100888095;;2021-03-22 15:07:59
564;ISS SERVICES;350247555544496;;2021-03-22 15:07:59
564;ISS SERVICES;355523119467142;;2021-03-24 11:43:26
564;ISS SERVICES;355523119475244;;2021-03-24 11:43:26
564;ISS SERVICES;355523119478123;;2021-03-24 11:43:26
564;ISS SERVICES;355523119487249;;2021-03-24 11:43:26
564;ISS SERVICES;355523119470898;;2021-03-24 11:43:26
564;ISS SERVICES;355523119477489;;2021-03-24 11:43:26
564;ISS SERVICES;355523119481622;;2021-03-24 11:43:26
564;ISS SERVICES;355523119468785;;2021-03-24 11:43:26
564;ISS SERVICES;355523119476705;;2021-03-24 11:43:26
564;ISS SERVICES;355523119479576;;2021-03-24 11:43:26
564;ISS SERVICES;355523119467779;;2021-03-24 11:43:26
564;ISS SERVICES;355523119475343;;2021-03-24 11:43:26
564;ISS SERVICES;355523119478453;;2021-03-24 11:43:26
564;ISS SERVICES;355523119487298;;2021-03-24 11:43:26
564;ISS SERVICES;355523119471557;;2021-03-24 11:43:26
564;ISS SERVICES;355523119477554;;2021-03-24 11:43:26
564;ISS SERVICES;355523119481655;;2021-03-24 11:43:26
564;ISS SERVICES;355523119469064;;2021-03-24 11:43:26
564;ISS SERVICES;355523119476739;;2021-03-24 11:43:26
564;ISS SERVICES;355523119479873;;2021-03-24 11:43:26
564;ISS SERVICES;355523119467993;;2021-03-24 11:43:26
564;ISS SERVICES;355523119476051;;2021-03-24 11:43:26
564;ISS SERVICES;355523119478461;;2021-03-24 11:43:26
564;ISS SERVICES;355523119487413;;2021-03-24 11:43:26
564;ISS SERVICES;355523119472340;;2021-03-24 11:43:26
564;ISS SERVICES;355523119477695;;2021-03-24 11:43:26
564;ISS SERVICES;355523119482174;;2021-03-24 11:43:26
564;ISS SERVICES;355523119469957;;2021-03-24 11:43:26
564;ISS SERVICES;355523119476754;;2021-03-24 11:43:26
564;ISS SERVICES;355523119480376;;2021-03-24 11:43:26
564;ISS SERVICES;355523119468355;;2021-03-24 11:43:26
564;ISS SERVICES;355523119476291;;2021-03-24 11:43:26
564;ISS SERVICES;355523119478479;;2021-03-24 11:43:26
564;ISS SERVICES;355523119474411;;2021-03-24 11:43:26
564;ISS SERVICES;355523119477737;;2021-03-24 11:43:26
564;ISS SERVICES;355523119482208;;2021-03-24 11:43:26
564;ISS SERVICES;355523119470302;;2021-03-24 11:43:26
564;ISS SERVICES;355523119477034;;2021-03-24 11:43:26
564;ISS SERVICES;355523119480558;;2021-03-24 11:43:26
564;ISS SERVICES;355523119468405;;2021-03-24 11:43:26
564;ISS SERVICES;355523119476309;;2021-03-24 11:43:26
564;ISS SERVICES;355523119478776;;2021-03-24 11:43:26
564;ISS SERVICES;355523119475103;;2021-03-24 11:43:26
564;ISS SERVICES;355523119482273;;2021-03-24 11:43:26
564;ISS SERVICES;355523119470567;;2021-03-24 11:43:26
564;ISS SERVICES;355523119477059;;2021-03-24 11:43:26
564;ISS SERVICES;355523119481606;;2021-03-24 11:43:26
564;ISS SERVICES;355523119468553;;2021-03-24 11:43:26
564;ISS SERVICES;355523119476671;;2021-03-24 11:43:26
564;ISS SERVICES;355523119479568;;2021-03-24 11:43:26
564;ISS SERVICES;350247555357915;;2021-03-24 11:43:26
564;ISS SERVICES;350247555544520;;2021-03-24 11:43:26
564;ISS SERVICES;350247555543167;;2021-03-24 11:43:26
564;ISS SERVICES;350247555364150;;2021-03-24 11:43:26
564;ISS SERVICES;350247555358178;;2021-03-24 11:43:26
564;ISS SERVICES;350247555544579;;2021-03-24 11:43:26
564;ISS SERVICES;350247555543191;;2021-03-24 11:43:26
564;ISS SERVICES;350247555364937;;2021-03-24 11:43:26
564;ISS SERVICES;350247555358236;;2021-03-24 11:43:26
564;ISS SERVICES;350247555544645;;2021-03-24 11:43:26
564;ISS SERVICES;350247555543282;;2021-03-24 11:43:26
564;ISS SERVICES;350247555374571;;2021-03-24 11:43:26
564;ISS SERVICES;350247555358319;;2021-03-24 11:43:26
564;ISS SERVICES;350247555544793;;2021-03-24 11:43:26
564;ISS SERVICES;350247555544314;;2021-03-24 11:43:26
564;ISS SERVICES;350247555542946;;2021-03-24 11:43:26
564;ISS SERVICES;350247555361677;;2021-03-24 11:43:26
564;ISS SERVICES;350247555544876;;2021-03-24 11:43:26
564;ISS SERVICES;350247555543035;;2021-03-24 11:43:26
564;ISS SERVICES;350247555363996;;2021-03-24 11:43:26
564;ISS SERVICES;353956848525875;;2021-04-14 15:15:34
564;ISS SERVICES;353956848525933;;2021-04-14 15:15:34
564;ISS SERVICES;353956848526048;;2021-04-14 15:15:34
564;ISS SERVICES;353956848526733;;2021-04-14 15:15:34
564;ISS SERVICES;353956848526766;;2021-04-14 15:15:34
564;ISS SERVICES;353956848528523;;2021-04-14 15:15:34
564;ISS SERVICES;353956848529869;;2021-04-14 15:15:34
564;ISS SERVICES;353956848529927;;2021-04-14 15:15:34
564;ISS SERVICES;353956848530206;;2021-04-14 15:15:34
564;ISS SERVICES;353956848531048;;2021-04-14 15:15:34
564;ISS SERVICES;353956848531741;;2021-04-14 15:15:34
564;ISS SERVICES;353956848533937;;2021-04-14 15:15:34
564;ISS SERVICES;353956848534380;;2021-04-14 15:15:34
564;ISS SERVICES;353956848534588;;2021-04-14 15:15:34
564;ISS SERVICES;353956848534729;;2021-04-14 15:15:34
564;ISS SERVICES;353956848535296;;2021-04-14 15:15:34
564;ISS SERVICES;353956848535452;;2021-04-14 15:15:34
564;ISS SERVICES;353956848525867;;2021-04-14 15:15:34
564;ISS SERVICES;353956848526113;;2021-04-14 15:15:34
564;ISS SERVICES;353956848526279;;2021-04-14 15:15:34
564;ISS SERVICES;353956848526337;;2021-04-14 15:15:34
564;ISS SERVICES;353956848526345;;2021-04-14 15:15:34
564;ISS SERVICES;353956848526410;;2021-04-14 15:15:34
564;ISS SERVICES;353956848527392;;2021-04-14 15:15:34
564;ISS SERVICES;353956848529448;;2021-04-14 15:15:34
564;ISS SERVICES;353956848532160;;2021-04-14 15:15:34
564;ISS SERVICES;353956848532756;;2021-04-14 15:15:34
564;ISS SERVICES;353956848534356;;2021-04-14 15:15:34
564;ISS SERVICES;353956848534687;;2021-04-14 15:15:34
564;ISS SERVICES;353956848535668;;2021-04-14 15:15:34
564;ISS SERVICES;353956848535734;;2021-04-14 15:15:34
564;ISS SERVICES;353956848535783;;2021-04-14 15:15:34
564;ISS SERVICES;353956848535817;;2021-04-14 15:15:34
564;ISS SERVICES;353956848536013;;2021-04-14 15:15:34
564;ISS SERVICES;353956845200340;;2021-04-14 15:15:34
564;ISS SERVICES;353956845200498;;2021-04-14 15:15:34
564;ISS SERVICES;353956845200522;;2021-04-14 15:15:34
564;ISS SERVICES;353956845203625;;2021-04-14 15:15:34
564;ISS SERVICES;353956845203682;;2021-04-14 15:15:34
564;ISS SERVICES;353956845205224;;2021-04-14 15:15:34
564;ISS SERVICES;353956848110330;;2021-04-14 15:15:34
564;ISS SERVICES;353956848170011;;2021-04-14 15:15:34
564;ISS SERVICES;353956848179038;;2021-04-14 15:15:34
564;ISS SERVICES;353956848179061;;2021-04-14 15:15:34
564;ISS SERVICES;353956848526105;;2021-04-14 15:15:34
564;ISS SERVICES;353956848526394;;2021-04-14 15:15:34
564;ISS SERVICES;353956848526469;;2021-04-14 15:15:34
564;ISS SERVICES;353956848529729;;2021-04-14 15:15:34
564;ISS SERVICES;353956848535700;;2021-04-14 15:15:34
564;ISS SERVICES;353956848535908;;2021-04-14 15:15:34
564;ISS SERVICES;353956848591877;;2021-04-14 15:15:34
564;ISS SERVICES;353956843855616;;2021-04-14 15:15:34
564;ISS SERVICES;353956844742169;;2021-04-14 15:15:34
564;ISS SERVICES;353956844743803;;2021-04-14 15:15:34
564;ISS SERVICES;353956844744603;;2021-04-14 15:15:34
564;ISS SERVICES;353956844747242;;2021-04-14 15:15:34
564;ISS SERVICES;353956844755138;;2021-04-14 15:15:34
564;ISS SERVICES;353956844758439;;2021-04-14 15:15:34
564;ISS SERVICES;353956845091673;;2021-04-14 15:15:34
564;ISS SERVICES;353956845164835;;2021-04-14 15:15:34
564;ISS SERVICES;353956845169818;;2021-04-14 15:15:34
564;ISS SERVICES;353956845197173;;2021-04-14 15:15:34
564;ISS SERVICES;353956845197967;;2021-04-14 15:15:34
564;ISS SERVICES;353956845198254;;2021-04-14 15:15:34
564;ISS SERVICES;353956845206990;;2021-04-14 15:15:34
564;ISS SERVICES;353956848169435;;2021-04-14 15:15:34
564;ISS SERVICES;353956848170219;;2021-04-14 15:15:34
564;ISS SERVICES;353956848172025;;2021-04-14 15:15:34
564;ISS SERVICES;353956847858020;;2021-04-14 15:15:34
564;ISS SERVICES;353956847858103;;2021-04-14 15:15:34
564;ISS SERVICES;353956847859994;;2021-04-14 15:15:34
564;ISS SERVICES;353956847917990;;2021-04-14 15:15:34
564;ISS SERVICES;353956848171787;;2021-04-14 15:15:34
564;ISS SERVICES;353956848187536;;2021-04-14 15:15:34
564;ISS SERVICES;353956848192973;;2021-04-14 15:15:34
564;ISS SERVICES;353956848530826;;2021-04-14 15:15:34
564;ISS SERVICES;353956848530990;;2021-04-14 15:15:34
564;ISS SERVICES;353956848531006;;2021-04-14 15:15:34
564;ISS SERVICES;353956848531287;;2021-04-14 15:15:34
564;ISS SERVICES;353956848533275;;2021-04-14 15:15:34
564;ISS SERVICES;353956848533846;;2021-04-14 15:15:34
564;ISS SERVICES;353956848534919;;2021-04-14 15:15:34
564;ISS SERVICES;353956848535254;;2021-04-14 15:15:34
564;ISS SERVICES;353956848536005;;2021-04-14 15:15:34
564;ISS SERVICES;353956848536104;;2021-04-14 15:15:34
564;ISS SERVICES;353956847864606;;2021-04-14 15:15:34
564;ISS SERVICES;353956848110397;;2021-04-14 15:15:34
564;ISS SERVICES;353956848372682;;2021-04-14 15:15:34
564;ISS SERVICES;353956848530677;;2021-04-14 15:15:34
564;ISS SERVICES;353956848531030;;2021-04-14 15:15:34
564;ISS SERVICES;353956848531071;;2021-04-14 15:15:34
564;ISS SERVICES;353956848533283;;2021-04-14 15:15:34
564;ISS SERVICES;353956848533424;;2021-04-14 15:15:34
564;ISS SERVICES;353956848534125;;2021-04-14 15:15:34
564;ISS SERVICES;353956848534174;;2021-04-14 15:15:34
564;ISS SERVICES;353956848534349;;2021-04-14 15:15:34
564;ISS SERVICES;353956848536500;;2021-04-14 15:15:34
564;ISS SERVICES;353956848536807;;2021-04-14 15:15:34
564;ISS SERVICES;353956848571259;;2021-04-14 15:15:34
564;ISS SERVICES;353956848591075;;2021-04-14 15:15:34
564;ISS SERVICES;353566101261314;;2021-04-21 14:00:40
564;ISS SERVICES;353566101261611;;2021-04-21 14:00:40
564;ISS SERVICES;353566101262106;;2021-04-21 14:00:40
564;ISS SERVICES;353566101262148;;2021-04-21 14:00:40
564;ISS SERVICES;353566101264524;;2021-04-21 14:00:40
564;ISS SERVICES;353566101270992;;2021-04-21 14:00:40
564;ISS SERVICES;353566101271057;;2021-04-21 14:00:40
564;ISS SERVICES;353566101271362;;2021-04-21 14:00:40
564;ISS SERVICES;353566101271404;;2021-04-21 14:00:40
564;ISS SERVICES;353566101271461;;2021-04-21 14:00:40
564;ISS SERVICES;353566101271495;;2021-04-21 14:00:40
564;ISS SERVICES;353566101271529;;2021-04-21 14:00:40
564;ISS SERVICES;353566101271636;;2021-04-21 14:00:40
564;ISS SERVICES;353566101271859;;2021-04-21 14:00:40
564;ISS SERVICES;353566101272022;;2021-04-21 14:00:40
564;ISS SERVICES;353566101272113;;2021-04-21 14:00:40
564;ISS SERVICES;353566101413220;;2021-04-21 14:00:40
564;ISS SERVICES;353566101413295;;2021-04-21 14:00:40
564;ISS SERVICES;353566101415795;;2021-04-21 14:00:40
564;ISS SERVICES;353566101416645;;2021-04-21 14:00:40
564;ISS SERVICES;353566101418922;;2021-04-21 14:00:40
564;ISS SERVICES;353566101418930;;2021-04-21 14:00:40
564;ISS SERVICES;353566101419011;;2021-04-21 14:00:40
564;ISS SERVICES;353566101419045;;2021-04-21 14:00:40
564;ISS SERVICES;353566101419086;;2021-04-21 14:00:40
564;ISS SERVICES;353566101419243;;2021-04-21 14:00:40
564;ISS SERVICES;353566101419268;;2021-04-21 14:00:40
564;ISS SERVICES;353566101419326;;2021-04-21 14:00:40
564;ISS SERVICES;353566101419417;;2021-04-21 14:00:40
564;ISS SERVICES;353566101419425;;2021-04-21 14:00:40
564;ISS SERVICES;353566101419482;;2021-04-21 14:00:40
564;ISS SERVICES;353566101419490;;2021-04-21 14:00:40
564;ISS SERVICES;353566101419714;;2021-04-21 14:00:40
564;ISS SERVICES;353566101419730;;2021-04-21 14:00:40
564;ISS SERVICES;353566101428962;;2021-04-21 14:00:40
564;ISS SERVICES;353566101430893;;2021-04-21 14:00:40
564;ISS SERVICES;353566101431461;;2021-04-21 14:00:40
564;ISS SERVICES;353566101431479;;2021-04-21 14:00:40
564;ISS SERVICES;353566101431503;;2021-04-21 14:00:40
564;ISS SERVICES;353566101431511;;2021-04-21 14:00:40
564;ISS SERVICES;353566101431743;;2021-04-21 14:00:40
564;ISS SERVICES;353566101431842;;2021-04-21 14:00:40
564;ISS SERVICES;353566101431917;;2021-04-21 14:00:40
564;ISS SERVICES;353566101432030;;2021-04-21 14:00:40
564;ISS SERVICES;353566101433012;;2021-04-21 14:00:40
564;ISS SERVICES;353566101433038;;2021-04-21 14:00:40
564;ISS SERVICES;353566101433046;;2021-04-21 14:00:40
564;ISS SERVICES;353566101433061;;2021-04-21 14:00:40
564;ISS SERVICES;353566101433186;;2021-04-21 14:00:40
564;ISS SERVICES;353566101433285;;2021-04-21 14:00:40
564;ISS SERVICES;353566101433566;;2021-04-21 14:00:40
564;ISS SERVICES;353566101434390;;2021-04-21 14:00:40
564;ISS SERVICES;353566101434457;;2021-04-21 14:00:40
564;ISS SERVICES;353566101434507;;2021-04-21 14:00:40
564;ISS SERVICES;353566101434721;;2021-04-21 14:00:40
564;ISS SERVICES;353566101434747;;2021-04-21 14:00:40
564;ISS SERVICES;353566101434887;;2021-04-21 14:00:40
564;ISS SERVICES;353566101435025;;2021-04-21 14:00:40
564;ISS SERVICES;353566101435033;;2021-04-21 14:00:40
564;ISS SERVICES;353566103253673;;2021-04-21 14:00:40
564;ISS SERVICES;353566103868504;;2021-04-21 14:00:40
564;ISS SERVICES;353566103868835;;2021-04-21 14:00:40
564;ISS SERVICES;353566103870237;;2021-04-21 14:00:40
564;ISS SERVICES;353566104882611;;2021-04-21 14:00:40
564;ISS SERVICES;353566104882652;;2021-04-21 14:00:40
564;ISS SERVICES;353566104898831;;2021-04-21 14:00:40
564;ISS SERVICES;353566104906709;;2021-04-21 14:00:40
564;ISS SERVICES;353566104906758;;2021-04-21 14:00:40
564;ISS SERVICES;353566104906782;;2021-04-21 14:00:40
564;ISS SERVICES;353566104906972;;2021-04-21 14:00:40
564;ISS SERVICES;353566104943470;;2021-04-21 14:00:40
564;ISS SERVICES;353566104943660;;2021-04-21 14:00:40
564;ISS SERVICES;353566104943728;;2021-04-21 14:00:40
564;ISS SERVICES;353566104944049;;2021-04-21 14:00:40
564;ISS SERVICES;353566104944114;;2021-04-21 14:00:40
564;ISS SERVICES;353566104944130;;2021-04-21 14:00:40
564;ISS SERVICES;353566104945558;;2021-04-21 14:00:40
564;ISS SERVICES;353566104945574;;2021-04-21 14:00:40
564;ISS SERVICES;353566104945590;;2021-04-21 14:00:40
564;ISS SERVICES;353566104974319;;2021-04-21 14:00:40
564;ISS SERVICES;353566105013612;;2021-04-21 14:00:40
564;ISS SERVICES;353566105025756;;2021-04-21 14:00:40
564;ISS SERVICES;353566105026077;;2021-04-21 14:00:40
564;ISS SERVICES;353566105026085;;2021-04-21 14:00:40
564;ISS SERVICES;353566105026119;;2021-04-21 14:00:40
564;ISS SERVICES;353974076509990;;2021-04-21 14:00:40
564;ISS SERVICES;353974076513877;;2021-04-21 14:00:40
564;ISS SERVICES;353974079229224;;2021-04-21 14:00:40
564;ISS SERVICES;353974079239256;;2021-04-21 14:00:40
564;ISS SERVICES;353974079241997;;2021-04-21 14:00:40
564;ISS SERVICES;353974079243357;;2021-04-21 14:00:40
564;ISS SERVICES;353974079302450;;2021-04-21 14:00:40
564;ISS SERVICES;353974079718556;;2021-04-21 14:00:40
564;ISS SERVICES;353974079745096;;2021-04-21 14:00:40
564;ISS SERVICES;354053090957110;;2021-04-21 14:00:40
564;ISS SERVICES;354053090957219;;2021-04-21 14:00:40
564;ISS SERVICES;354053090957342;;2021-04-21 14:00:40
564;ISS SERVICES;354053090957862;;2021-04-21 14:00:40
564;ISS SERVICES;354053091024662;;2021-04-21 14:00:40
564;ISS SERVICES;354053091024712;;2021-04-21 14:00:40
564;ISS SERVICES;355523112252111;;2021-04-21 14:12:19
564;ISS SERVICES;355523112252228;;2021-04-21 14:12:19
564;ISS SERVICES;355523112252400;;2021-04-21 14:12:19
564;ISS SERVICES;355523112252483;;2021-04-21 14:12:19
564;ISS SERVICES;355523112252897;;2021-04-21 14:12:19
564;ISS SERVICES;355523112253226;;2021-04-21 14:12:19
564;ISS SERVICES;355523112253382;;2021-04-21 14:12:19
564;ISS SERVICES;355523112253507;;2021-04-21 14:12:19
564;ISS SERVICES;355523112253556;;2021-04-21 14:12:19
564;ISS SERVICES;355523112253838;;2021-04-21 14:12:19
564;ISS SERVICES;355523112254075;;2021-04-21 14:12:19
564;ISS SERVICES;355523112254257;;2021-04-21 14:12:19
564;ISS SERVICES;355523112254265;;2021-04-21 14:12:19
564;ISS SERVICES;355523112254372;;2021-04-21 14:12:19
564;ISS SERVICES;355523112254703;;2021-04-21 14:12:19
564;ISS SERVICES;355523112254745;;2021-04-21 14:12:19
564;ISS SERVICES;355523112254794;;2021-04-21 14:12:19
564;ISS SERVICES;355523112255189;;2021-04-21 14:12:19
564;ISS SERVICES;355523112255197;;2021-04-21 14:12:19
564;ISS SERVICES;355523112255619;;2021-04-21 14:12:19
564;ISS SERVICES;355523112257193;;2021-04-21 14:12:19
564;ISS SERVICES;355523112257433;;2021-04-21 14:12:19
564;ISS SERVICES;355523112259561;;2021-04-21 14:12:19
564;ISS SERVICES;355523112259736;;2021-04-21 14:12:19
564;ISS SERVICES;355523112259975;;2021-04-21 14:12:19
564;ISS SERVICES;355523112261245;;2021-04-21 14:12:19
564;ISS SERVICES;355523112300472;;2021-04-21 14:12:19
564;ISS SERVICES;355523112613106;;2021-04-21 14:12:19
564;ISS SERVICES;355523112715067;;2021-04-21 14:12:19
564;ISS SERVICES;355523112716123;;2021-04-21 14:12:19
564;ISS SERVICES;355523112716503;;2021-04-21 14:12:19
564;ISS SERVICES;355523112716602;;2021-04-21 14:12:19
564;ISS SERVICES;355523112717006;;2021-04-21 14:12:19
564;ISS SERVICES;355523112717428;;2021-04-21 14:12:19
564;ISS SERVICES;355523112717907;;2021-04-21 14:12:19
564;ISS SERVICES;355523112718202;;2021-04-21 14:12:19
564;ISS SERVICES;355523112718533;;2021-04-21 14:12:19
564;ISS SERVICES;355523112719002;;2021-04-21 14:12:19
564;ISS SERVICES;355523112719150;;2021-04-21 14:12:19
564;ISS SERVICES;355523112719242;;2021-04-21 14:12:19
564;ISS SERVICES;355523112719416;;2021-04-21 14:12:19
564;ISS SERVICES;355523112719424;;2021-04-21 14:12:19
564;ISS SERVICES;355523112719499;;2021-04-21 14:12:19
564;ISS SERVICES;355523112719507;;2021-04-21 14:12:19
564;ISS SERVICES;355523112719689;;2021-04-21 14:12:19
564;ISS SERVICES;355523112719804;;2021-04-21 14:12:19
564;ISS SERVICES;355523112720224;;2021-04-21 14:12:19
564;ISS SERVICES;355523112726361;;2021-04-21 14:12:19
564;ISS SERVICES;355523112727724;;2021-04-21 14:12:19
564;ISS SERVICES;355523112727856;;2021-04-21 14:12:19
564;ISS SERVICES;355523112727880;;2021-04-21 14:12:19
564;ISS SERVICES;355523112728037;;2021-04-21 14:12:19
564;ISS SERVICES;355523112729597;;2021-04-21 14:12:19
564;ISS SERVICES;355523112730801;;2021-04-21 14:12:19
564;ISS SERVICES;355523112732914;;2021-04-21 14:12:19
564;ISS SERVICES;355523112732930;;2021-04-21 14:12:19
564;ISS SERVICES;355523112733284;;2021-04-21 14:12:19
564;ISS SERVICES;355523112733508;;2021-04-21 14:12:19
564;ISS SERVICES;355523112733698;;2021-04-21 14:12:19
564;ISS SERVICES;355523112733706;;2021-04-21 14:12:19
564;ISS SERVICES;355523112733805;;2021-04-21 14:12:19
564;ISS SERVICES;355523112733888;;2021-04-21 14:12:19
564;ISS SERVICES;355523112734100;;2021-04-21 14:12:19
564;ISS SERVICES;355523112734175;;2021-04-21 14:12:19
564;ISS SERVICES;355523112734316;;2021-04-21 14:12:19
564;ISS SERVICES;355523112734506;;2021-04-21 14:12:19
564;ISS SERVICES;355523112734662;;2021-04-21 14:12:19
564;ISS SERVICES;355523112734738;;2021-04-21 14:12:19
564;ISS SERVICES;355523112735545;;2021-04-21 14:12:19
564;ISS SERVICES;355523112735552;;2021-04-21 14:12:19
564;ISS SERVICES;355523112735644;;2021-04-21 14:12:19
564;ISS SERVICES;355523112735685;;2021-04-21 14:12:19
564;ISS SERVICES;355523112735792;;2021-04-21 14:12:19
564;ISS SERVICES;355523112735958;;2021-04-21 14:12:19
564;ISS SERVICES;355523113159208;;2021-04-21 14:12:19
564;ISS SERVICES;355523113160123;;2021-04-21 14:12:19
564;ISS SERVICES;355523113160222;;2021-04-21 14:12:19
564;ISS SERVICES;355523113160560;;2021-04-21 14:12:19
564;ISS SERVICES;355523116159155;;2021-04-21 14:12:19
564;ISS SERVICES;355523116160120;;2021-04-21 14:12:19
564;ISS SERVICES;355523116160161;;2021-04-21 14:12:19
564;ISS SERVICES;355523116161011;;2021-04-21 14:12:19
564;ISS SERVICES;355523116161102;;2021-04-21 14:12:19
564;ISS SERVICES;355523116161516;;2021-04-21 14:12:19
564;ISS SERVICES;355523116161649;;2021-04-21 14:12:19
564;ISS SERVICES;355523116382708;;2021-04-21 14:12:19
564;ISS SERVICES;355523116382849;;2021-04-21 14:12:19
564;ISS SERVICES;355523116382948;;2021-04-21 14:12:19
564;ISS SERVICES;355523116383144;;2021-04-21 14:12:19
564;ISS SERVICES;355523116383441;;2021-04-21 14:12:19
564;ISS SERVICES;355523116383557;;2021-04-21 14:12:19
564;ISS SERVICES;355523116383573;;2021-04-21 14:12:19
564;ISS SERVICES;355523116383730;;2021-04-21 14:12:19
564;ISS SERVICES;355523116383870;;2021-04-21 14:12:19
564;ISS SERVICES;355523116384027;;2021-04-21 14:12:19
564;ISS SERVICES;355523116384043;;2021-04-21 14:12:19
564;ISS SERVICES;355523116384712;;2021-04-21 14:12:19
564;ISS SERVICES;355523116384936;;2021-04-21 14:12:19
564;ISS SERVICES;355523116384969;;2021-04-21 14:12:19
564;ISS SERVICES;355523116385115;;2021-04-21 14:12:19
564;ISS SERVICES;356789100810561;;2021-04-21 14:17:21
564;ISS SERVICES;356789100810652;;2021-04-21 14:17:21
564;ISS SERVICES;356789100810801;;2021-04-21 14:17:21
564;ISS SERVICES;356789100810926;;2021-04-21 14:17:21
564;ISS SERVICES;356789100811015;;2021-04-21 14:17:21
564;ISS SERVICES;356789100811379;;2021-04-21 14:17:21
564;ISS SERVICES;356789100811437;;2021-04-21 14:17:21
564;ISS SERVICES;356789100811544;;2021-04-21 14:17:21
564;ISS SERVICES;356789100811619;;2021-04-21 14:17:21
564;ISS SERVICES;356789100811783;;2021-04-21 14:17:21
564;ISS SERVICES;356789100811932;;2021-04-21 14:17:21
564;ISS SERVICES;356789100811973;;2021-04-21 14:17:21
564;ISS SERVICES;356789100812435;;2021-04-21 14:17:21
564;ISS SERVICES;356789100812484;;2021-04-21 14:17:21
564;ISS SERVICES;356789100812617;;2021-04-21 14:17:21
564;ISS SERVICES;356789100812641;;2021-04-21 14:17:21
564;ISS SERVICES;356789100813078;;2021-04-21 14:17:21
564;ISS SERVICES;356789100813433;;2021-04-21 14:17:21
564;ISS SERVICES;356789100813623;;2021-04-21 14:17:21
564;ISS SERVICES;356789100814282;;2021-04-21 14:17:21
564;ISS SERVICES;356789100814464;;2021-04-21 14:17:21
564;ISS SERVICES;356789100814522;;2021-04-21 14:17:21
564;ISS SERVICES;356789100815172;;2021-04-21 14:17:21
564;ISS SERVICES;356789100815263;;2021-04-21 14:17:21
564;ISS SERVICES;356789100815776;;2021-04-21 14:17:21
564;ISS SERVICES;356789100815925;;2021-04-21 14:17:21
564;ISS SERVICES;356789100816329;;2021-04-21 14:17:21
564;ISS SERVICES;356789100816493;;2021-04-21 14:17:21
564;ISS SERVICES;356789100816550;;2021-04-21 14:17:21
564;ISS SERVICES;356789100817822;;2021-04-21 14:17:21
564;ISS SERVICES;356789100817871;;2021-04-21 14:17:21
564;ISS SERVICES;356789100817939;;2021-04-21 14:17:21
564;ISS SERVICES;356789100818366;;2021-04-21 14:17:21
564;ISS SERVICES;356789100818689;;2021-04-21 14:17:21
564;ISS SERVICES;356789100818846;;2021-04-21 14:17:21
564;ISS SERVICES;356789100819190;;2021-04-21 14:17:21
564;ISS SERVICES;356789100819224;;2021-04-21 14:17:21
564;ISS SERVICES;356789100820347;;2021-04-21 14:17:21
564;ISS SERVICES;356789100820404;;2021-04-21 14:17:21
564;ISS SERVICES;356789100821683;;2021-04-21 14:17:21
564;ISS SERVICES;356789100850039;;2021-04-21 14:17:21
564;ISS SERVICES;356789100850047;;2021-04-21 14:17:21
564;ISS SERVICES;356789100850351;;2021-04-21 14:17:21
564;ISS SERVICES;356789100850369;;2021-04-21 14:17:21
564;ISS SERVICES;356789100850377;;2021-04-21 14:17:21
564;ISS SERVICES;356789100850476;;2021-04-21 14:17:21
564;ISS SERVICES;356789100851532;;2021-04-21 14:17:21
564;ISS SERVICES;356789100851581;;2021-04-21 14:17:21
564;ISS SERVICES;356789100851706;;2021-04-21 14:17:21
564;ISS SERVICES;356789100852332;;2021-04-21 14:17:21
564;ISS SERVICES;356789100852605;;2021-04-21 14:17:21
564;ISS SERVICES;356789100852639;;2021-04-21 14:17:21
564;ISS SERVICES;356789100852647;;2021-04-21 14:17:21
564;ISS SERVICES;356789100852688;;2021-04-21 14:17:21
564;ISS SERVICES;356789100853033;;2021-04-21 14:17:21
564;ISS SERVICES;356789100853108;;2021-04-21 14:17:21
564;ISS SERVICES;356789100853165;;2021-04-21 14:17:21
564;ISS SERVICES;356789100860194;;2021-04-21 14:17:21
564;ISS SERVICES;356789100860327;;2021-04-21 14:17:21
564;ISS SERVICES;356789100860376;;2021-04-21 14:17:21
564;ISS SERVICES;356789100860392;;2021-04-21 14:17:21
564;ISS SERVICES;356789100860699;;2021-04-21 14:17:21
564;ISS SERVICES;356789100860715;;2021-04-21 14:17:21
564;ISS SERVICES;356789100860764;;2021-04-21 14:17:21
564;ISS SERVICES;356789100860855;;2021-04-21 14:17:21
564;ISS SERVICES;356789100861028;;2021-04-21 14:17:21
564;ISS SERVICES;356789100861556;;2021-04-21 14:17:21
564;ISS SERVICES;356789100861614;;2021-04-21 14:17:21
564;ISS SERVICES;356789100861861;;2021-04-21 14:17:21
564;ISS SERVICES;356789100861952;;2021-04-21 14:17:21
564;ISS SERVICES;356789100862141;;2021-04-21 14:17:21
564;ISS SERVICES;356789100862232;;2021-04-21 14:17:21
564;ISS SERVICES;356789100862257;;2021-04-21 14:17:21
564;ISS SERVICES;356789100862356;;2021-04-21 14:17:21
564;ISS SERVICES;356789100862364;;2021-04-21 14:17:21
564;ISS SERVICES;356789100862398;;2021-04-21 14:17:21
564;ISS SERVICES;356789100862448;;2021-04-21 14:17:21
564;ISS SERVICES;356789100862547;;2021-04-21 14:17:21
564;ISS SERVICES;356789100862729;;2021-04-21 14:17:21
564;ISS SERVICES;356789100862810;;2021-04-21 14:17:21
564;ISS SERVICES;356789100863511;;2021-04-21 14:17:21
564;ISS SERVICES;356789100864139;;2021-04-21 14:17:21
564;ISS SERVICES;356789100864279;;2021-04-21 14:17:21
564;ISS SERVICES;356789100864295;;2021-04-21 14:17:21
564;ISS SERVICES;356789100864378;;2021-04-21 14:17:21
564;ISS SERVICES;356789100864527;;2021-04-21 14:17:21
564;ISS SERVICES;356789100864550;;2021-04-21 14:17:21
564;ISS SERVICES;356789100864584;;2021-04-21 14:17:21
564;ISS SERVICES;356789100864931;;2021-04-21 14:17:21
564;ISS SERVICES;356789100866332;;2021-04-21 14:17:21
564;ISS SERVICES;356789100866373;;2021-04-21 14:17:21
564;ISS SERVICES;356789100867041;;2021-04-21 14:17:21
564;ISS SERVICES;356789100867058;;2021-04-21 14:17:21
564;ISS SERVICES;356789100867082;;2021-04-21 14:17:21
564;ISS SERVICES;356789105984023;;2021-04-21 14:17:21
564;ISS SERVICES;356789105984726;;2021-04-21 14:17:21
564;ISS SERVICES;356789105985137;;2021-04-21 14:17:21
564;ISS SERVICES;356789105991838;;2021-04-21 14:17:21
564;ISS SERVICES;356789105992521;;2021-04-21 14:17:21
564;ISS SERVICES;356789105992786;;2021-04-21 14:17:21
564;ISS SERVICES;356789108639350;;2021-04-21 14:20:18
564;ISS SERVICES;356789108639517;;2021-04-21 14:20:18
564;ISS SERVICES;356789108639699;;2021-04-21 14:20:18
564;ISS SERVICES;356789108639962;;2021-04-21 14:20:18
564;ISS SERVICES;356789108640077;;2021-04-21 14:20:18
564;ISS SERVICES;356789108640200;;2021-04-21 14:20:18
564;ISS SERVICES;356789108640218;;2021-04-21 14:20:18
564;ISS SERVICES;356789108640325;;2021-04-21 14:20:18
564;ISS SERVICES;356789108640663;;2021-04-21 14:20:18
564;ISS SERVICES;356789108640689;;2021-04-21 14:20:18
564;ISS SERVICES;356789108641745;;2021-04-21 14:20:18
564;ISS SERVICES;356789108642156;;2021-04-21 14:20:18
564;ISS SERVICES;356789108642321;;2021-04-21 14:20:18
564;ISS SERVICES;356789108642727;;2021-04-21 14:20:18
564;ISS SERVICES;356789108642750;;2021-04-21 14:20:18
564;ISS SERVICES;356789108643097;;2021-04-21 14:20:18
564;ISS SERVICES;356789108643394;;2021-04-21 14:20:18
564;ISS SERVICES;356789108643592;;2021-04-21 14:20:18
564;ISS SERVICES;356789108643808;;2021-04-21 14:20:18
564;ISS SERVICES;356789108643931;;2021-04-21 14:20:18
564;ISS SERVICES;356789108891720;;2021-04-21 14:20:18
564;ISS SERVICES;356789108891951;;2021-04-21 14:20:18
564;ISS SERVICES;356789108892173;;2021-04-21 14:20:18
564;ISS SERVICES;356789108892231;;2021-04-21 14:20:18
564;ISS SERVICES;356808070314766;;2021-04-21 14:20:18
564;ISS SERVICES;356808071123752;;2021-04-21 14:20:18
564;ISS SERVICES;356808071126839;;2021-04-21 14:20:18
564;ISS SERVICES;356808071126987;;2021-04-21 14:20:18
564;ISS SERVICES;356808072000892;;2021-04-21 14:20:18
564;ISS SERVICES;356808072695550;;2021-04-21 14:20:18
564;ISS SERVICES;356808072697531;;2021-04-21 14:20:18
564;ISS SERVICES;356808072796192;;2021-04-21 14:20:18
564;ISS SERVICES;356808074236064;;2021-04-21 14:20:18
564;ISS SERVICES;356808074237211;;2021-04-21 14:20:18
564;ISS SERVICES;356808074237641;;2021-04-21 14:20:18
564;ISS SERVICES;356808074238672;;2021-04-21 14:20:18
564;ISS SERVICES;356808074239548;;2021-04-21 14:20:18
564;ISS SERVICES;356808075205167;;2021-04-21 14:20:18
564;ISS SERVICES;356808075926879;;2021-04-21 14:20:18
564;ISS SERVICES;356808076643846;;2021-04-21 14:20:18
564;ISS SERVICES;356808077294409;;2021-04-21 14:20:18
564;ISS SERVICES;356808077309546;;2021-04-21 14:20:18
564;ISS SERVICES;356808077310536;;2021-04-21 14:20:18
564;ISS SERVICES;356808078296825;;2021-04-21 14:20:18
564;ISS SERVICES;356808078480619;;2021-04-21 14:20:18
564;ISS SERVICES;356808078512445;;2021-04-21 14:20:18
564;ISS SERVICES;356808078539190;;2021-04-21 14:20:18
564;ISS SERVICES;356808078587132;;2021-04-21 14:20:18
564;ISS SERVICES;356808078587454;;2021-04-21 14:20:18
564;ISS SERVICES;356808078588486;;2021-04-21 14:20:18
564;ISS SERVICES;356808078588551;;2021-04-21 14:20:18
564;ISS SERVICES;356808078591530;;2021-04-21 14:20:18
564;ISS SERVICES;356808078592595;;2021-04-21 14:20:18
564;ISS SERVICES;356808078592736;;2021-04-21 14:20:18
564;ISS SERVICES;356808078592868;;2021-04-21 14:20:18
564;ISS SERVICES;356808078592942;;2021-04-21 14:20:18
564;ISS SERVICES;356808078882053;;2021-04-21 14:20:18
564;ISS SERVICES;356808078882202;;2021-04-21 14:20:18
564;ISS SERVICES;356808078882608;;2021-04-21 14:20:18
564;ISS SERVICES;356808078882665;;2021-04-21 14:20:18
564;ISS SERVICES;356808078884117;;2021-04-21 14:20:18
564;ISS SERVICES;356808078884323;;2021-04-21 14:20:18
564;ISS SERVICES;356808079159345;;2021-04-21 14:20:18
564;ISS SERVICES;356808079160095;;2021-04-21 14:20:18
564;ISS SERVICES;357063095466204;;2021-04-21 14:20:18
564;ISS SERVICES;357204611496842;;2021-04-21 14:20:18
564;ISS SERVICES;357204611502102;;2021-04-21 14:20:18
564;ISS SERVICES;357204611502292;;2021-04-21 14:20:18
564;ISS SERVICES;357204611502318;;2021-04-21 14:20:18
564;ISS SERVICES;357204611503589;;2021-04-21 14:20:18
564;ISS SERVICES;357204611504033;;2021-04-21 14:20:18
564;ISS SERVICES;357204611504082;;2021-04-21 14:20:18
564;ISS SERVICES;357204611527968;;2021-04-21 14:20:18
564;ISS SERVICES;357204611527984;;2021-04-21 14:20:18
564;ISS SERVICES;357204611528875;;2021-04-21 14:20:18
564;ISS SERVICES;357204611529022;;2021-04-21 14:20:18
564;ISS SERVICES;357204611531382;;2021-04-21 14:20:18
564;ISS SERVICES;357204611531432;;2021-04-21 14:20:18
564;ISS SERVICES;357204611531606;;2021-04-21 14:20:18
564;ISS SERVICES;357204611531754;;2021-04-21 14:20:18
564;ISS SERVICES;357463094559464;;2021-04-21 14:20:18
564;ISS SERVICES;357463094595096;;2021-04-21 14:20:18
564;ISS SERVICES;357463094600169;;2021-04-21 14:20:18
564;ISS SERVICES;357463094600508;;2021-04-21 14:20:18
564;ISS SERVICES;357463094614996;;2021-04-21 14:20:18
564;ISS SERVICES;357463094615043;;2021-04-21 14:20:18
564;ISS SERVICES;357463094619839;;2021-04-21 14:20:18
564;ISS SERVICES;357463094619938;;2021-04-21 14:20:18
564;ISS SERVICES;357463094619979;;2021-04-21 14:20:18
564;ISS SERVICES;357463094620944;;2021-04-21 14:20:18
564;ISS SERVICES;357463094621298;;2021-04-21 14:20:18
564;ISS SERVICES;357463094621926;;2021-04-21 14:20:18
564;ISS SERVICES;357463094622049;;2021-04-21 14:20:18
564;ISS SERVICES;357463094622056;;2021-04-21 14:20:18
564;ISS SERVICES;357463094622353;;2021-04-21 14:20:18
564;ISS SERVICES;357463094623245;;2021-04-21 14:20:18
564;ISS SERVICES;357463094632956;;2021-04-21 14:20:18
564;ISS SERVICES;357463094633012;;2021-04-21 14:20:18
564;ISS SERVICES;357463094638243;;2021-04-21 14:20:18
564;ISS SERVICES;357463094638300;;2021-04-21 14:20:18
564;ISS SERVICES;359108097590044;;2021-04-21 14:25:54
564;ISS SERVICES;359108097774234;;2021-04-21 14:25:54
564;ISS SERVICES;359108097775405;;2021-04-21 14:25:54
564;ISS SERVICES;359108097776262;;2021-04-21 14:25:54
564;ISS SERVICES;359108097776411;;2021-04-21 14:25:54
564;ISS SERVICES;359108097776478;;2021-04-21 14:25:54
564;ISS SERVICES;359108097777799;;2021-04-21 14:25:54
564;ISS SERVICES;359108097777955;;2021-04-21 14:25:54
564;ISS SERVICES;359108097778698;;2021-04-21 14:25:54
564;ISS SERVICES;359108097843617;;2021-04-21 14:25:54
564;ISS SERVICES;359108097843716;;2021-04-21 14:25:54
564;ISS SERVICES;359108097843971;;2021-04-21 14:25:54
564;ISS SERVICES;359108097843997;;2021-04-21 14:25:54
564;ISS SERVICES;359108097844490;;2021-04-21 14:25:54
564;ISS SERVICES;359108098422296;;2021-04-21 14:25:54
564;ISS SERVICES;359108098422858;;2021-04-21 14:25:54
564;ISS SERVICES;359108098988791;;2021-04-21 14:25:54
564;ISS SERVICES;359108098988981;;2021-04-21 14:25:54
564;ISS SERVICES;359108098989484;;2021-04-21 14:25:54
564;ISS SERVICES;359108098989716;;2021-04-21 14:25:54
564;ISS SERVICES;359108098990086;;2021-04-21 14:25:54
564;ISS SERVICES;359108098990722;;2021-04-21 14:25:54
564;ISS SERVICES;359108098990847;;2021-04-21 14:25:54
564;ISS SERVICES;359108098990904;;2021-04-21 14:25:54
564;ISS SERVICES;359108098991126;;2021-04-21 14:25:54
564;ISS SERVICES;359108098991175;;2021-04-21 14:25:54
564;ISS SERVICES;359108098991605;;2021-04-21 14:25:54
564;ISS SERVICES;359108098991845;;2021-04-21 14:25:54
564;ISS SERVICES;359108098991894;;2021-04-21 14:25:54
564;ISS SERVICES;359108098991936;;2021-04-21 14:25:54
564;ISS SERVICES;359108098991985;;2021-04-21 14:25:54
564;ISS SERVICES;359108098992108;;2021-04-21 14:25:54
564;ISS SERVICES;359108098992587;;2021-04-21 14:25:54
564;ISS SERVICES;359108098992793;;2021-04-21 14:25:54
564;ISS SERVICES;359108098992983;;2021-04-21 14:25:54
564;ISS SERVICES;359108098993106;;2021-04-21 14:25:54
564;ISS SERVICES;359108098993148;;2021-04-21 14:25:54
564;ISS SERVICES;359108098993924;;2021-04-21 14:25:54
564;ISS SERVICES;359108098994146;;2021-04-21 14:25:54
564;ISS SERVICES;359108098994237;;2021-04-21 14:25:54
564;ISS SERVICES;359108098994740;;2021-04-21 14:25:54
564;ISS SERVICES;359108098995119;;2021-04-21 14:25:54
564;ISS SERVICES;359108098996810;;2021-04-21 14:25:54
564;ISS SERVICES;359108099053314;;2021-04-21 14:25:54
564;ISS SERVICES;359108099053462;;2021-04-21 14:25:54
564;ISS SERVICES;359108099053546;;2021-04-21 14:25:54
564;ISS SERVICES;359108099053744;;2021-04-21 14:25:54
564;ISS SERVICES;359108099053876;;2021-04-21 14:25:54
564;ISS SERVICES;359108099053926;;2021-04-21 14:25:54
564;ISS SERVICES;359108099053983;;2021-04-21 14:25:54
564;ISS SERVICES;359108099054254;;2021-04-21 14:25:54
564;ISS SERVICES;359108099054379;;2021-04-21 14:25:54
564;ISS SERVICES;359108099054668;;2021-04-21 14:25:54
564;ISS SERVICES;359108099054742;;2021-04-21 14:25:54
564;ISS SERVICES;359108099054759;;2021-04-21 14:25:54
564;ISS SERVICES;359108099054858;;2021-04-21 14:25:54
564;ISS SERVICES;359108099055053;;2021-04-21 14:25:54
564;ISS SERVICES;359108099055277;;2021-04-21 14:25:54
564;ISS SERVICES;359108099055285;;2021-04-21 14:25:54
564;ISS SERVICES;359108099055301;;2021-04-21 14:25:54
564;ISS SERVICES;359108099055335;;2021-04-21 14:25:54
564;ISS SERVICES;359108099056150;;2021-04-21 14:25:54
564;ISS SERVICES;359108099057026;;2021-04-21 14:25:54
564;ISS SERVICES;359108099057604;;2021-04-21 14:25:54
564;ISS SERVICES;359108099058008;;2021-04-21 14:25:54
564;ISS SERVICES;359108099058214;;2021-04-21 14:25:54
564;ISS SERVICES;359108099058222;;2021-04-21 14:25:54
564;ISS SERVICES;359108099058347;;2021-04-21 14:25:54
564;ISS SERVICES;359108099058354;;2021-04-21 14:25:54
564;ISS SERVICES;359108099058404;;2021-04-21 14:25:54
564;ISS SERVICES;359108099283523;;2021-04-21 14:25:54
564;ISS SERVICES;359108099283556;;2021-04-21 14:25:54
564;ISS SERVICES;359108099283614;;2021-04-21 14:25:54
564;ISS SERVICES;359108099283671;;2021-04-21 14:25:54
564;ISS SERVICES;359108099283689;;2021-04-21 14:25:54
564;ISS SERVICES;359108099535369;;2021-04-21 14:25:54
564;ISS SERVICES;359108099536649;;2021-04-21 14:25:54
564;ISS SERVICES;359108099536656;;2021-04-21 14:25:54
564;ISS SERVICES;359108099536870;;2021-04-21 14:25:54
564;ISS SERVICES;359108099536979;;2021-04-21 14:25:54
564;ISS SERVICES;359108099547026;;2021-04-21 14:25:54
564;ISS SERVICES;359108099547257;;2021-04-21 14:25:54
564;ISS SERVICES;359108099547273;;2021-04-21 14:25:54
564;ISS SERVICES;359108099547349;;2021-04-21 14:25:54
564;ISS SERVICES;359108099547554;;2021-04-21 14:25:54
564;ISS SERVICES;359108099547729;;2021-04-21 14:25:54
564;ISS SERVICES;359108099547745;;2021-04-21 14:25:54
564;ISS SERVICES;359108099547752;;2021-04-21 14:25:54
564;ISS SERVICES;359108099547836;;2021-04-21 14:25:54
564;ISS SERVICES;359108099547851;;2021-04-21 14:25:54
564;ISS SERVICES;359108099547901;;2021-04-21 14:25:54
564;ISS SERVICES;359108099547984;;2021-04-21 14:25:54
564;ISS SERVICES;359108099547992;;2021-04-21 14:25:54
564;ISS SERVICES;359108099548032;;2021-04-21 14:25:54
564;ISS SERVICES;359108099548065;;2021-04-21 14:25:54
564;ISS SERVICES;359108099548131;;2021-04-21 14:25:54
564;ISS SERVICES;359108099548149;;2021-04-21 14:25:54
564;ISS SERVICES;359108099548172;;2021-04-21 14:25:54
564;ISS SERVICES;359108099548396;;2021-04-21 14:25:54
564;ISS SERVICES;359108099548461;;2021-04-21 14:25:54
564;ISS SERVICES;358493099688926;;2021-04-21 14:24:59
564;ISS SERVICES;358493099689957;;2021-04-21 14:24:59
564;ISS SERVICES;358493099715992;;2021-04-21 14:24:59
564;ISS SERVICES;358508071236020;;2021-04-21 14:24:59
564;ISS SERVICES;358508071850762;;2021-04-21 14:24:59
564;ISS SERVICES;358683077161868;;2021-04-21 14:24:59
564;ISS SERVICES;358683077186469;;2021-04-21 14:24:59
564;ISS SERVICES;358683077189281;;2021-04-21 14:24:59
564;ISS SERVICES;358791100062290;;2021-04-21 14:24:59
564;ISS SERVICES;358791100062415;;2021-04-21 14:24:59
564;ISS SERVICES;358791102163161;;2021-04-21 14:24:59
564;ISS SERVICES;358791102164359;;2021-04-21 14:24:59
564;ISS SERVICES;358791102167386;;2021-04-21 14:24:59
564;ISS SERVICES;358791102167469;;2021-04-21 14:24:59
564;ISS SERVICES;358791102167527;;2021-04-21 14:24:59
564;ISS SERVICES;358791102167568;;2021-04-21 14:24:59
564;ISS SERVICES;358791102168590;;2021-04-21 14:24:59
564;ISS SERVICES;358791102169101;;2021-04-21 14:24:59
564;ISS SERVICES;358791102170927;;2021-04-21 14:24:59
564;ISS SERVICES;358791102171016;;2021-04-21 14:24:59
564;ISS SERVICES;358791102171040;;2021-04-21 14:24:59
564;ISS SERVICES;358791102172337;;2021-04-21 14:24:59
564;ISS SERVICES;358791102173244;;2021-04-21 14:24:59
564;ISS SERVICES;358791102173376;;2021-04-21 14:24:59
564;ISS SERVICES;358791102174952;;2021-04-21 14:24:59
564;ISS SERVICES;358791102175256;;2021-04-21 14:24:59
564;ISS SERVICES;359044061038837;;2021-04-21 14:24:59
564;ISS SERVICES;359108091402832;;2021-04-21 14:24:59
564;ISS SERVICES;359108091409936;;2021-04-21 14:24:59
564;ISS SERVICES;359108091410082;;2021-04-21 14:24:59
564;ISS SERVICES;359108091474815;;2021-04-21 14:24:59
564;ISS SERVICES;359108091475093;;2021-04-21 14:24:59
564;ISS SERVICES;359108091476182;;2021-04-21 14:24:59
564;ISS SERVICES;359108091476331;;2021-04-21 14:24:59
564;ISS SERVICES;359108091476364;;2021-04-21 14:24:59
564;ISS SERVICES;359108091476836;;2021-04-21 14:24:59
564;ISS SERVICES;359108091477008;;2021-04-21 14:24:59
564;ISS SERVICES;359108091477057;;2021-04-21 14:24:59
564;ISS SERVICES;359108091477461;;2021-04-21 14:24:59
564;ISS SERVICES;359108091478337;;2021-04-21 14:24:59
564;ISS SERVICES;359108091478360;;2021-04-21 14:24:59
564;ISS SERVICES;359108091810703;;2021-04-21 14:24:59
564;ISS SERVICES;359108091978716;;2021-04-21 14:24:59
564;ISS SERVICES;359108092194404;;2021-04-21 14:24:59
564;ISS SERVICES;359108092224730;;2021-04-21 14:24:59
564;ISS SERVICES;359108092224763;;2021-04-21 14:24:59
564;ISS SERVICES;359108092224847;;2021-04-21 14:24:59
564;ISS SERVICES;359108092224904;;2021-04-21 14:24:59
564;ISS SERVICES;359108092225299;;2021-04-21 14:24:59
564;ISS SERVICES;359108092225646;;2021-04-21 14:24:59
564;ISS SERVICES;359108092225679;;2021-04-21 14:24:59
564;ISS SERVICES;359108092225950;;2021-04-21 14:24:59
564;ISS SERVICES;359108092226610;;2021-04-21 14:24:59
564;ISS SERVICES;359108092226628;;2021-04-21 14:24:59
564;ISS SERVICES;359108092226685;;2021-04-21 14:24:59
564;ISS SERVICES;359108092226750;;2021-04-21 14:24:59
564;ISS SERVICES;359108092226800;;2021-04-21 14:24:59
564;ISS SERVICES;359108092226842;;2021-04-21 14:24:59
564;ISS SERVICES;359108092226909;;2021-04-21 14:24:59
564;ISS SERVICES;359108092227105;;2021-04-21 14:24:59
564;ISS SERVICES;359108092227196;;2021-04-21 14:24:59
564;ISS SERVICES;359108092227337;;2021-04-21 14:24:59
564;ISS SERVICES;359108092227386;;2021-04-21 14:24:59
564;ISS SERVICES;359108092229465;;2021-04-21 14:24:59
564;ISS SERVICES;359108092232055;;2021-04-21 14:24:59
564;ISS SERVICES;359108092232071;;2021-04-21 14:24:59
564;ISS SERVICES;359108092233343;;2021-04-21 14:24:59
564;ISS SERVICES;359108092233921;;2021-04-21 14:24:59
564;ISS SERVICES;359108092236049;;2021-04-21 14:24:59
564;ISS SERVICES;359108092236072;;2021-04-21 14:24:59
564;ISS SERVICES;359108096514201;;2021-04-21 14:24:59
564;ISS SERVICES;359108096821986;;2021-04-21 14:24:59
564;ISS SERVICES;359108096831985;;2021-04-21 14:24:59
564;ISS SERVICES;359108096832009;;2021-04-21 14:24:59
564;ISS SERVICES;359108097562225;;2021-04-21 14:24:59
564;ISS SERVICES;359108097563322;;2021-04-21 14:24:59
564;ISS SERVICES;359108097567356;;2021-04-21 14:24:59
564;ISS SERVICES;359108097568586;;2021-04-21 14:24:59
564;ISS SERVICES;359108097569592;;2021-04-21 14:24:59
564;ISS SERVICES;359108097573891;;2021-04-21 14:24:59
564;ISS SERVICES;359108097575912;;2021-04-21 14:24:59
564;ISS SERVICES;359108097578114;;2021-04-21 14:24:59
564;ISS SERVICES;359108097578445;;2021-04-21 14:24:59
564;ISS SERVICES;359108097578593;;2021-04-21 14:24:59
564;ISS SERVICES;359108097578668;;2021-04-21 14:24:59
564;ISS SERVICES;359108097578759;;2021-04-21 14:24:59
564;ISS SERVICES;359108097578973;;2021-04-21 14:24:59
564;ISS SERVICES;359108097579351;;2021-04-21 14:24:59
564;ISS SERVICES;359108097579765;;2021-04-21 14:24:59
564;ISS SERVICES;359108097579963;;2021-04-21 14:24:59
564;ISS SERVICES;359108097580292;;2021-04-21 14:24:59
564;ISS SERVICES;359108097580490;;2021-04-21 14:24:59
564;ISS SERVICES;359108097580680;;2021-04-21 14:24:59
564;ISS SERVICES;359108097580763;;2021-04-21 14:24:59
564;ISS SERVICES;359108097580847;;2021-04-21 14:24:59
564;ISS SERVICES;359108097581415;;2021-04-21 14:24:59
564;ISS SERVICES;359108097582033;;2021-04-21 14:24:59
564;ISS SERVICES;359108097582249;;2021-04-21 14:24:59
564;ISS SERVICES;359108097582439;;2021-04-21 14:24:59
564;ISS SERVICES;359108097589897;;2021-04-21 14:24:59
564;ISS SERVICES;359108099548479;;2021-04-21 14:27:00
564;ISS SERVICES;359108099548586;;2021-04-21 14:27:00
564;ISS SERVICES;359108099548602;;2021-04-21 14:27:00
564;ISS SERVICES;359108099548610;;2021-04-21 14:27:00
564;ISS SERVICES;359108099548651;;2021-04-21 14:27:00
564;ISS SERVICES;359108099548735;;2021-04-21 14:27:00
564;ISS SERVICES;359108099548768;;2021-04-21 14:27:00
564;ISS SERVICES;359108099548784;;2021-04-21 14:27:00
564;ISS SERVICES;359108099548826;;2021-04-21 14:27:00
564;ISS SERVICES;359108099548875;;2021-04-21 14:27:00
564;ISS SERVICES;359108099548883;;2021-04-21 14:27:00
564;ISS SERVICES;359108099548891;;2021-04-21 14:27:00
564;ISS SERVICES;359108099548941;;2021-04-21 14:27:00
564;ISS SERVICES;359108099548966;;2021-04-21 14:27:00
564;ISS SERVICES;359108099548990;;2021-04-21 14:27:00
564;ISS SERVICES;359108099549030;;2021-04-21 14:27:00
564;ISS SERVICES;359108099549089;;2021-04-21 14:27:00
564;ISS SERVICES;359108099549113;;2021-04-21 14:27:00
564;ISS SERVICES;359108099549170;;2021-04-21 14:27:00
564;ISS SERVICES;359108099549188;;2021-04-21 14:27:00
564;ISS SERVICES;359108099549212;;2021-04-21 14:27:00
564;ISS SERVICES;359108099549253;;2021-04-21 14:27:00
564;ISS SERVICES;359108099549279;;2021-04-21 14:27:00
564;ISS SERVICES;359108099549378;;2021-04-21 14:27:00
564;ISS SERVICES;359108099549733;;2021-04-21 14:27:00
564;ISS SERVICES;359108099549758;;2021-04-21 14:27:00
564;ISS SERVICES;359108099550004;;2021-04-21 14:27:00
564;ISS SERVICES;359108099550079;;2021-04-21 14:27:00
564;ISS SERVICES;359108099550178;;2021-04-21 14:27:00
564;ISS SERVICES;359108099550186;;2021-04-21 14:27:00
564;ISS SERVICES;359108099550210;;2021-04-21 14:27:00
564;ISS SERVICES;359108099550244;;2021-04-21 14:27:00
564;ISS SERVICES;359108099550269;;2021-04-21 14:27:00
564;ISS SERVICES;359108099550327;;2021-04-21 14:27:00
564;ISS SERVICES;359108099550335;;2021-04-21 14:27:00
564;ISS SERVICES;359108099550343;;2021-04-21 14:27:00
564;ISS SERVICES;359108099550376;;2021-04-21 14:27:00
564;ISS SERVICES;359108099550954;;2021-04-21 14:27:00
564;ISS SERVICES;359108099551275;;2021-04-21 14:27:00
564;ISS SERVICES;359108099551325;;2021-04-21 14:27:00
564;ISS SERVICES;359108099551564;;2021-04-21 14:27:00
564;ISS SERVICES;359108099551580;;2021-04-21 14:27:00
564;ISS SERVICES;359108099551655;;2021-04-21 14:27:00
564;ISS SERVICES;359108099551663;;2021-04-21 14:27:00
564;ISS SERVICES;359108099551671;;2021-04-21 14:27:00
564;ISS SERVICES;359108099551697;;2021-04-21 14:27:00
564;ISS SERVICES;359108099551705;;2021-04-21 14:27:00
564;ISS SERVICES;359108099551713;;2021-04-21 14:27:00
564;ISS SERVICES;359108099551762;;2021-04-21 14:27:00
564;ISS SERVICES;359108099551853;;2021-04-21 14:27:00
564;ISS SERVICES;359108099551861;;2021-04-21 14:27:00
564;ISS SERVICES;359108099551895;;2021-04-21 14:27:00
564;ISS SERVICES;359108099551986;;2021-04-21 14:27:00
564;ISS SERVICES;359108099551994;;2021-04-21 14:27:00
564;ISS SERVICES;359108099552034;;2021-04-21 14:27:00
564;ISS SERVICES;359108099552067;;2021-04-21 14:27:00
564;ISS SERVICES;359108099552083;;2021-04-21 14:27:00
564;ISS SERVICES;359108099552117;;2021-04-21 14:27:00
564;ISS SERVICES;359108099552133;;2021-04-21 14:27:00
564;ISS SERVICES;359108099552141;;2021-04-21 14:27:00
564;ISS SERVICES;359108099552166;;2021-04-21 14:27:00
564;ISS SERVICES;359108099552190;;2021-04-21 14:27:00
564;ISS SERVICES;359108099552208;;2021-04-21 14:27:00
564;ISS SERVICES;359108099552216;;2021-04-21 14:27:00
564;ISS SERVICES;359108099552281;;2021-04-21 14:27:00
564;ISS SERVICES;359108099552356;;2021-04-21 14:27:00
564;ISS SERVICES;359108099552414;;2021-04-21 14:27:00
564;ISS SERVICES;359108099552422;;2021-04-21 14:27:00
564;ISS SERVICES;359108099552471;;2021-04-21 14:27:00
564;ISS SERVICES;359108099552554;;2021-04-21 14:27:00
564;ISS SERVICES;359108099552570;;2021-04-21 14:27:00
564;ISS SERVICES;359108099552604;;2021-04-21 14:27:00
564;ISS SERVICES;359108099552612;;2021-04-21 14:27:00
564;ISS SERVICES;359108099552638;;2021-04-21 14:27:00
564;ISS SERVICES;359108099552661;;2021-04-21 14:27:00
564;ISS SERVICES;359108099552711;;2021-04-21 14:27:00
564;ISS SERVICES;359108099552745;;2021-04-21 14:27:00
564;ISS SERVICES;359108099552778;;2021-04-21 14:27:00
564;ISS SERVICES;359108099552794;;2021-04-21 14:27:00
564;ISS SERVICES;359108099552810;;2021-04-21 14:27:00
564;ISS SERVICES;359108099552851;;2021-04-21 14:27:00
564;ISS SERVICES;359108099553172;;2021-04-21 14:27:00
564;ISS SERVICES;359108099553461;;2021-04-21 14:27:00
564;ISS SERVICES;359108099553560;;2021-04-21 14:27:00
564;ISS SERVICES;359108099553610;;2021-04-21 14:27:00
564;ISS SERVICES;359108099553636;;2021-04-21 14:27:00
564;ISS SERVICES;359108099698506;;2021-04-21 14:27:00
564;ISS SERVICES;359108099698514;;2021-04-21 14:27:00
564;ISS SERVICES;359108099698662;;2021-04-21 14:27:00
564;ISS SERVICES;359108099894246;;2021-04-21 14:27:00
564;ISS SERVICES;359108099896647;;2021-04-21 14:27:00
564;ISS SERVICES;359108099896811;;2021-04-21 14:27:00
564;ISS SERVICES;359108099896928;;2021-04-21 14:27:00
564;ISS SERVICES;359108099897074;;2021-04-21 14:27:00
564;ISS SERVICES;359108099897348;;2021-04-21 14:27:00
564;ISS SERVICES;359108099897371;;2021-04-21 14:27:00
564;ISS SERVICES;359108099897470;;2021-04-21 14:27:00
564;ISS SERVICES;359108099897652;;2021-04-21 14:27:00
564;ISS SERVICES;359108099897710;;2021-04-21 14:27:00
564;ISS SERVICES;359108099897835;;2021-04-21 14:27:00
564;ISS SERVICES;359839768979955;;2021-04-21 16:53:58
564;ISS SERVICES;359839768979773;;2021-04-21 16:53:58
564;ISS SERVICES;359839768978288;;2021-04-21 16:53:58
564;ISS SERVICES;359839768799403;;2021-04-21 16:53:58
564;ISS SERVICES;359839768693671;;2021-04-21 16:53:58
564;ISS SERVICES;359839764538565;;2021-04-21 16:53:58
564;ISS SERVICES;359839764534135;;2021-04-21 16:53:58
564;ISS SERVICES;359839764495519;;2021-04-21 16:53:58
564;ISS SERVICES;359839764481618;;2021-04-21 16:53:58
564;ISS SERVICES;359839764310080;;2021-04-21 16:53:58
564;ISS SERVICES;359501064632718;;2021-04-21 16:53:58
564;ISS SERVICES;359501064632296;;2021-04-21 16:53:58
564;ISS SERVICES;359108099957001;;2021-04-21 16:53:58
564;ISS SERVICES;359108099956888;;2021-04-21 16:53:58
564;ISS SERVICES;359108099905943;;2021-04-21 16:53:58
564;ISS SERVICES;359108099905927;;2021-04-21 16:53:58
564;ISS SERVICES;359108099905877;;2021-04-21 16:53:58
564;ISS SERVICES;359108099905851;;2021-04-21 16:53:58
564;ISS SERVICES;359108099905596;;2021-04-21 16:53:58
564;ISS SERVICES;359108099905554;;2021-04-21 16:53:58
564;ISS SERVICES;359108099905547;;2021-04-21 16:53:58
564;ISS SERVICES;359108099905414;;2021-04-21 16:53:58
564;ISS SERVICES;359108099905232;;2021-04-21 16:53:58
564;ISS SERVICES;359108099905190;;2021-04-21 16:53:58
564;ISS SERVICES;359108099905109;;2021-04-21 16:53:58
564;ISS SERVICES;359108099904979;;2021-04-21 16:53:58
564;ISS SERVICES;359108099904912;;2021-04-21 16:53:58
564;ISS SERVICES;359108099904797;;2021-04-21 16:53:58
564;ISS SERVICES;359108099904763;;2021-04-21 16:53:58
564;ISS SERVICES;359108099904292;;2021-04-21 16:53:58
564;ISS SERVICES;359108099904276;;2021-04-21 16:53:58
564;ISS SERVICES;359108099904169;;2021-04-21 16:53:58
564;ISS SERVICES;359108099904052;;2021-04-21 16:53:58
564;ISS SERVICES;359108099903880;;2021-04-21 16:53:58
564;ISS SERVICES;359108099903658;;2021-04-21 16:53:58
564;ISS SERVICES;359108099903450;;2021-04-21 16:53:58
564;ISS SERVICES;359108099903427;;2021-04-21 16:53:58
564;ISS SERVICES;359108099903336;;2021-04-21 16:53:58
564;ISS SERVICES;359108099903252;;2021-04-21 16:53:58
564;ISS SERVICES;359108099903229;;2021-04-21 16:53:58
564;ISS SERVICES;359108099903112;;2021-04-21 16:53:58
564;ISS SERVICES;359108099902973;;2021-04-21 16:53:58
564;ISS SERVICES;359108099902759;;2021-04-21 16:53:58
564;ISS SERVICES;359108099902734;;2021-04-21 16:53:58
564;ISS SERVICES;359108099902585;;2021-04-21 16:53:58
564;ISS SERVICES;359108099902577;;2021-04-21 16:53:58
564;ISS SERVICES;359108099902544;;2021-04-21 16:53:58
564;ISS SERVICES;359108099902429;;2021-04-21 16:53:58
564;ISS SERVICES;359108099902312;;2021-04-21 16:53:58
564;ISS SERVICES;359108099902023;;2021-04-21 16:53:58
564;ISS SERVICES;359108099902015;;2021-04-21 16:53:58
564;ISS SERVICES;359108099901785;;2021-04-21 16:53:58
564;ISS SERVICES;359108099901637;;2021-04-21 16:53:58
564;ISS SERVICES;359108099901496;;2021-04-21 16:53:58
564;ISS SERVICES;359108099901264;;2021-04-21 16:53:58
564;ISS SERVICES;359108099901249;;2021-04-21 16:53:58
564;ISS SERVICES;359108099901165;;2021-04-21 16:53:58
564;ISS SERVICES;359108099901082;;2021-04-21 16:53:58
564;ISS SERVICES;359108099901033;;2021-04-21 16:53:58
564;ISS SERVICES;359108099900977;;2021-04-21 16:53:58
564;ISS SERVICES;359108099900894;;2021-04-21 16:53:58
564;ISS SERVICES;359108099900886;;2021-04-21 16:53:58
564;ISS SERVICES;359108099900662;;2021-04-21 16:53:58
564;ISS SERVICES;359108099900654;;2021-04-21 16:53:58
564;ISS SERVICES;359108099900621;;2021-04-21 16:53:58
564;ISS SERVICES;359108099900316;;2021-04-21 16:53:58
564;ISS SERVICES;359108099900290;;2021-04-21 16:53:58
564;ISS SERVICES;359108099900068;;2021-04-21 16:53:58
564;ISS SERVICES;359108099899971;;2021-04-21 16:53:58
564;ISS SERVICES;359108099899963;;2021-04-21 16:53:58
564;ISS SERVICES;359108099899906;;2021-04-21 16:53:58
564;ISS SERVICES;359108099899799;;2021-04-21 16:53:58
564;ISS SERVICES;359108099899757;;2021-04-21 16:53:58
564;ISS SERVICES;359108099899666;;2021-04-21 16:53:58
564;ISS SERVICES;359108099899609;;2021-04-21 16:53:58
564;ISS SERVICES;359108099899245;;2021-04-21 16:53:58
564;ISS SERVICES;359108099898908;;2021-04-21 16:53:58
564;ISS SERVICES;359108099898742;;2021-04-21 16:53:58
564;ISS SERVICES;359108099898668;;2021-04-21 16:53:58
564;ISS SERVICES;359108099898619;;2021-04-21 16:53:58
564;ISS SERVICES;359108099898593;;2021-04-21 16:53:58
564;ISS SERVICES;359108099898577;;2021-04-21 16:53:58
564;ISS SERVICES;359108099898403;;2021-04-21 16:53:58
564;ISS SERVICES;359108099898353;;2021-04-21 16:53:58
564;ISS SERVICES;359108099898239;;2021-04-21 16:53:58
564;ISS SERVICES;359108099897876;;2021-04-21 16:53:58
564;ISS SERVICES;359108099897702;;2021-04-21 16:53:58
564;ISS SERVICES;359108099058263;;2021-04-21 16:53:58
564;ISS SERVICES;359108098993262;;2021-04-21 16:53:58
564;ISS SERVICES;359108098989112;;2021-04-21 16:53:58
564;ISS SERVICES;359108097844417;;2021-04-21 16:53:58
564;ISS SERVICES;359108097777310;;2021-04-21 16:53:58
564;ISS SERVICES;359108097581910;;2021-04-21 16:53:58
564;ISS SERVICES;359108097580730;;2021-04-21 16:53:58
564;ISS SERVICES;359108097562530;;2021-04-21 16:53:58
564;ISS SERVICES;359108091475937;;2021-04-21 16:53:58
564;ISS SERVICES;358683073744485;;2021-04-21 16:53:58
564;ISS SERVICES;358360106315241;;2021-04-21 16:53:58
564;ISS SERVICES;358360106314681;;2021-04-21 16:53:58
564;ISS SERVICES;357655086846029;;2021-04-21 16:53:58
564;ISS SERVICES;355523119477711;;2021-04-21 14:15:01
564;ISS SERVICES;355523119479840;;2021-04-21 14:15:01
564;ISS SERVICES;355523119479857;;2021-04-21 14:15:01
564;ISS SERVICES;355523119480236;;2021-04-21 14:15:01
564;ISS SERVICES;355523119480418;;2021-04-21 14:15:01
564;ISS SERVICES;355523119481135;;2021-04-21 14:15:01
564;ISS SERVICES;355523119487165;;2021-04-21 14:15:01
564;ISS SERVICES;355621086236829;;2021-04-21 14:15:01
564;ISS SERVICES;355621086237850;;2021-04-21 14:15:01
564;ISS SERVICES;355621086239864;;2021-04-21 14:15:01
564;ISS SERVICES;355621086239914;;2021-04-21 14:15:01
564;ISS SERVICES;355621086239997;;2021-04-21 14:15:01
564;ISS SERVICES;355621086240094;;2021-04-21 14:15:01
564;ISS SERVICES;355621086289455;;2021-04-21 14:15:01
564;ISS SERVICES;355621086290818;;2021-04-21 14:15:01
564;ISS SERVICES;355621086291303;;2021-04-21 14:15:01
564;ISS SERVICES;355621086291584;;2021-04-21 14:15:01
564;ISS SERVICES;355621086291634;;2021-04-21 14:15:01
564;ISS SERVICES;355621086291733;;2021-04-21 14:15:01
564;ISS SERVICES;355621086291782;;2021-04-21 14:15:01
564;ISS SERVICES;355621086292475;;2021-04-21 14:15:01
564;ISS SERVICES;355621086292483;;2021-04-21 14:15:01
564;ISS SERVICES;355621086292848;;2021-04-21 14:15:01
564;ISS SERVICES;355621086293515;;2021-04-21 14:15:01
564;ISS SERVICES;355621087685131;;2021-04-21 14:15:01
564;ISS SERVICES;355621087687442;;2021-04-21 14:15:01
564;ISS SERVICES;355621087693804;;2021-04-21 14:15:01
564;ISS SERVICES;355621089022754;;2021-04-21 14:15:01
564;ISS SERVICES;355621089022788;;2021-04-21 14:15:01
564;ISS SERVICES;355621089023091;;2021-04-21 14:15:01
564;ISS SERVICES;355622082691843;;2021-04-21 14:15:01
564;ISS SERVICES;355622082691983;;2021-04-21 14:15:01
564;ISS SERVICES;355622082692924;;2021-04-21 14:15:01
564;ISS SERVICES;355622082693047;;2021-04-21 14:15:01
564;ISS SERVICES;355622082697683;;2021-04-21 14:15:01
564;ISS SERVICES;355622082698418;;2021-04-21 14:15:01
564;ISS SERVICES;355622082698558;;2021-04-21 14:15:01
564;ISS SERVICES;355622084821265;;2021-04-21 14:15:01
564;ISS SERVICES;355622084924960;;2021-04-21 14:15:01
564;ISS SERVICES;355622084927625;;2021-04-21 14:15:01
564;ISS SERVICES;355622084927666;;2021-04-21 14:15:01
564;ISS SERVICES;355912111099690;;2021-04-21 14:15:01
564;ISS SERVICES;355912111103534;;2021-04-21 14:15:01
564;ISS SERVICES;355912111114267;;2021-04-21 14:15:01
564;ISS SERVICES;355912111114291;;2021-04-21 14:15:01
564;ISS SERVICES;355912111114465;;2021-04-21 14:15:01
564;ISS SERVICES;355912111478183;;2021-04-21 14:15:01
564;ISS SERVICES;355912111479579;;2021-04-21 14:15:01
564;ISS SERVICES;355912111479777;;2021-04-21 14:15:01
564;ISS SERVICES;356054113285719;;2021-04-21 14:15:01
564;ISS SERVICES;356224100179148;;2021-04-21 14:15:01
564;ISS SERVICES;356224100241195;;2021-04-21 14:15:01
564;ISS SERVICES;356224100325824;;2021-04-21 14:15:01
564;ISS SERVICES;356224100331434;;2021-04-21 14:15:01
564;ISS SERVICES;356224100345681;;2021-04-21 14:15:01
564;ISS SERVICES;356224100373121;;2021-04-21 14:15:01
564;ISS SERVICES;356224100373196;;2021-04-21 14:15:01
564;ISS SERVICES;356224100374061;;2021-04-21 14:15:01
564;ISS SERVICES;356224100374236;;2021-04-21 14:15:01
564;ISS SERVICES;356224100374459;;2021-04-21 14:15:01
564;ISS SERVICES;356224102474323;;2021-04-21 14:15:01
564;ISS SERVICES;356224102477037;;2021-04-21 14:15:01
564;ISS SERVICES;356224102477078;;2021-04-21 14:15:01
564;ISS SERVICES;356224102477102;;2021-04-21 14:15:01
564;ISS SERVICES;356224102543721;;2021-04-21 14:15:01
564;ISS SERVICES;356224102554686;;2021-04-21 14:15:01
564;ISS SERVICES;356224102560824;;2021-04-21 14:15:01
564;ISS SERVICES;356224102573199;;2021-04-21 14:15:01
564;ISS SERVICES;356224102573256;;2021-04-21 14:15:01
564;ISS SERVICES;356224102582166;;2021-04-21 14:15:01
564;ISS SERVICES;356224102582208;;2021-04-21 14:15:01
564;ISS SERVICES;356224102589484;;2021-04-21 14:15:01
564;ISS SERVICES;356224102589559;;2021-04-21 14:15:01
564;ISS SERVICES;356224102761182;;2021-04-21 14:15:01
564;ISS SERVICES;356224102764343;;2021-04-21 14:15:01
564;ISS SERVICES;356224102781982;;2021-04-21 14:15:01
564;ISS SERVICES;356224102782865;;2021-04-21 14:15:01
564;ISS SERVICES;356224102783855;;2021-04-21 14:15:01
564;ISS SERVICES;356224102784499;;2021-04-21 14:15:01
564;ISS SERVICES;356224102785116;;2021-04-21 14:15:01
564;ISS SERVICES;356224102828312;;2021-04-21 14:15:01
564;ISS SERVICES;356224102831944;;2021-04-21 14:15:01
564;ISS SERVICES;356224102901754;;2021-04-21 14:15:01
564;ISS SERVICES;356224102560824;;2021-04-21 14:15:01
564;ISS SERVICES;356224102573199;;2021-04-21 14:15:01
564;ISS SERVICES;356224102573256;;2021-04-21 14:15:01
564;ISS SERVICES;356224102582166;;2021-04-21 14:15:01
564;ISS SERVICES;356224102582208;;2021-04-21 14:15:01
564;ISS SERVICES;356224102589484;;2021-04-21 14:15:01
564;ISS SERVICES;356224102589559;;2021-04-21 14:15:01
564;ISS SERVICES;356224102761182;;2021-04-21 14:15:01
564;ISS SERVICES;356224102764343;;2021-04-21 14:15:01
564;ISS SERVICES;356224102781982;;2021-04-21 14:15:01
564;ISS SERVICES;356224102782865;;2021-04-21 14:15:01
564;ISS SERVICES;356224102783855;;2021-04-21 14:15:01
564;ISS SERVICES;356224102784499;;2021-04-21 14:15:01
564;ISS SERVICES;356224102785116;;2021-04-21 14:15:01
564;ISS SERVICES;356224102828312;;2021-04-21 14:15:01
564;ISS SERVICES;356224102831944;;2021-04-21 14:15:01
564;ISS SERVICES;356224102901754;;2021-04-21 14:15:01
564;ISS SERVICES;356789105994212;;2021-04-21 14:19:15
564;ISS SERVICES;356789105996324;;2021-04-21 14:19:15
564;ISS SERVICES;356789105996381;;2021-04-21 14:19:15
564;ISS SERVICES;356789105997678;;2021-04-21 14:19:15
564;ISS SERVICES;356789105998544;;2021-04-21 14:19:15
564;ISS SERVICES;356789106270042;;2021-04-21 14:19:15
564;ISS SERVICES;356789106270109;;2021-04-21 14:19:15
564;ISS SERVICES;356789106337536;;2021-04-21 14:19:15
564;ISS SERVICES;356789106340928;;2021-04-21 14:19:15
564;ISS SERVICES;356789106347014;;2021-04-21 14:19:15
564;ISS SERVICES;356789106347097;;2021-04-21 14:19:15
564;ISS SERVICES;356789106716713;;2021-04-21 14:19:15
564;ISS SERVICES;356789106765538;;2021-04-21 14:19:15
564;ISS SERVICES;356789106766494;;2021-04-21 14:19:15
564;ISS SERVICES;356789106767724;;2021-04-21 14:19:15
564;ISS SERVICES;356789107052845;;2021-04-21 14:19:15
564;ISS SERVICES;356789107052852;;2021-04-21 14:19:15
564;ISS SERVICES;356789107053074;;2021-04-21 14:19:15
564;ISS SERVICES;356789107053405;;2021-04-21 14:19:15
564;ISS SERVICES;356789107053702;;2021-04-21 14:19:15
564;ISS SERVICES;356789107054643;;2021-04-21 14:19:15
564;ISS SERVICES;356789107054965;;2021-04-21 14:19:15
564;ISS SERVICES;356789107055343;;2021-04-21 14:19:15
564;ISS SERVICES;356789107055806;;2021-04-21 14:19:15
564;ISS SERVICES;356789107055921;;2021-04-21 14:19:15
564;ISS SERVICES;356789107056127;;2021-04-21 14:19:15
564;ISS SERVICES;356789107056341;;2021-04-21 14:19:15
564;ISS SERVICES;356789107056739;;2021-04-21 14:19:15
564;ISS SERVICES;356789107056887;;2021-04-21 14:19:15
564;ISS SERVICES;356789107056929;;2021-04-21 14:19:15
564;ISS SERVICES;356789107057190;;2021-04-21 14:19:15
564;ISS SERVICES;356789107057208;;2021-04-21 14:19:15
564;ISS SERVICES;356789107057422;;2021-04-21 14:19:15
564;ISS SERVICES;356789107058404;;2021-04-21 14:19:15
564;ISS SERVICES;356789107058677;;2021-04-21 14:19:15
564;ISS SERVICES;356789107059105;;2021-04-21 14:19:15
564;ISS SERVICES;356789107059469;;2021-04-21 14:19:15
564;ISS SERVICES;356789107059535;;2021-04-21 14:19:15
564;ISS SERVICES;356789107059675;;2021-04-21 14:19:15
564;ISS SERVICES;356789107059782;;2021-04-21 14:19:15
564;ISS SERVICES;356789107060194;;2021-04-21 14:19:15
564;ISS SERVICES;356789107966051;;2021-04-21 14:19:15
564;ISS SERVICES;356789107966200;;2021-04-21 14:19:15
564;ISS SERVICES;356789107966556;;2021-04-21 14:19:15
564;ISS SERVICES;356789107966754;;2021-04-21 14:19:15
564;ISS SERVICES;356789107967463;;2021-04-21 14:19:15
564;ISS SERVICES;356789108113703;;2021-04-21 14:19:15
564;ISS SERVICES;356789108114214;;2021-04-21 14:19:15
564;ISS SERVICES;356789108114230;;2021-04-21 14:19:15
564;ISS SERVICES;356789108114560;;2021-04-21 14:19:15
564;ISS SERVICES;356789108114792;;2021-04-21 14:19:15
564;ISS SERVICES;356789108114800;;2021-04-21 14:19:15
564;ISS SERVICES;356789108115567;;2021-04-21 14:19:15
564;ISS SERVICES;356789108115799;;2021-04-21 14:19:15
564;ISS SERVICES;356789108115815;;2021-04-21 14:19:15
564;ISS SERVICES;356789108116359;;2021-04-21 14:19:15
564;ISS SERVICES;356789108250026;;2021-04-21 14:19:15
564;ISS SERVICES;356789108428689;;2021-04-21 14:19:15
564;ISS SERVICES;356789108428861;;2021-04-21 14:19:15
564;ISS SERVICES;356789108610922;;2021-04-21 14:19:15
564;ISS SERVICES;356789108611219;;2021-04-21 14:19:15
564;ISS SERVICES;356789108611631;;2021-04-21 14:19:15
564;ISS SERVICES;356789108612738;;2021-04-21 14:19:15
564;ISS SERVICES;356789108612845;;2021-04-21 14:19:15
564;ISS SERVICES;356789108613033;;2021-04-21 14:19:15
564;ISS SERVICES;356789108613108;;2021-04-21 14:19:15
564;ISS SERVICES;356789108613165;;2021-04-21 14:19:15
564;ISS SERVICES;356789108616218;;2021-04-21 14:19:15
564;ISS SERVICES;356789108616804;;2021-04-21 14:19:15
564;ISS SERVICES;356789108617521;;2021-04-21 14:19:15
564;ISS SERVICES;356789108618768;;2021-04-21 14:19:15
564;ISS SERVICES;356789108619071;;2021-04-21 14:19:15
564;ISS SERVICES;356789108620103;;2021-04-21 14:19:15
564;ISS SERVICES;356789108620830;;2021-04-21 14:19:15
564;ISS SERVICES;356789108624139;;2021-04-21 14:19:15
564;ISS SERVICES;356789108625862;;2021-04-21 14:19:15
564;ISS SERVICES;356789108629211;;2021-04-21 14:19:15
564;ISS SERVICES;356789108629351;;2021-04-21 14:19:15
564;ISS SERVICES;356789108630011;;2021-04-21 14:19:15
564;ISS SERVICES;356789108630128;;2021-04-21 14:19:15
564;ISS SERVICES;356789108631084;;2021-04-21 14:19:15
564;ISS SERVICES;356789108632017;;2021-04-21 14:19:15
564;ISS SERVICES;356789108632132;;2021-04-21 14:19:15
564;ISS SERVICES;356789108632223;;2021-04-21 14:19:15
564;ISS SERVICES;356789108632231;;2021-04-21 14:19:15
564;ISS SERVICES;356789108632462;;2021-04-21 14:19:15
564;ISS SERVICES;356789108632561;;2021-04-21 14:19:15
564;ISS SERVICES;356789108633205;;2021-04-21 14:19:15
564;ISS SERVICES;356789108636489;;2021-04-21 14:19:15
564;ISS SERVICES;356789108637651;;2021-04-21 14:19:15
564;ISS SERVICES;356789108638006;;2021-04-21 14:19:15
564;ISS SERVICES;356789108638196;;2021-04-21 14:19:15
564;ISS SERVICES;356789108638238;;2021-04-21 14:19:15
564;ISS SERVICES;356789108638311;;2021-04-21 14:19:15
564;ISS SERVICES;356789108638378;;2021-04-21 14:19:15
564;ISS SERVICES;356789108638493;;2021-04-21 14:19:15
564;ISS SERVICES;356789108638717;;2021-04-21 14:19:15
564;ISS SERVICES;356789108639251;;2021-04-21 14:19:15
564;ISS SERVICES;356789108639335;;2021-04-21 14:19:15
564;ISS SERVICES;356789108639335;;2021-04-21 14:19:15
564;ISS SERVICES;356224102910672;;2021-04-21 14:15:57
564;ISS SERVICES;356224102947427;;2021-04-21 14:15:57
564;ISS SERVICES;356224103352916;;2021-04-21 14:15:57
564;ISS SERVICES;356224103352940;;2021-04-21 14:15:57
564;ISS SERVICES;356224103353013;;2021-04-21 14:15:57
564;ISS SERVICES;356224103353955;;2021-04-21 14:15:57
564;ISS SERVICES;356224103358590;;2021-04-21 14:15:57
564;ISS SERVICES;356224103798969;;2021-04-21 14:15:57
564;ISS SERVICES;356224103876054;;2021-04-21 14:15:57
564;ISS SERVICES;356224103876070;;2021-04-21 14:15:57
564;ISS SERVICES;356224103876153;;2021-04-21 14:15:57
564;ISS SERVICES;356224103876195;;2021-04-21 14:15:57
564;ISS SERVICES;356224103905531;;2021-04-21 14:15:57
564;ISS SERVICES;356224103911141;;2021-04-21 14:15:57
564;ISS SERVICES;356224103927717;;2021-04-21 14:15:57
564;ISS SERVICES;356224103928020;;2021-04-21 14:15:57
564;ISS SERVICES;356224104108788;;2021-04-21 14:15:57
564;ISS SERVICES;356224104136102;;2021-04-21 14:15:57
564;ISS SERVICES;356224104136110;;2021-04-21 14:15:57
564;ISS SERVICES;356224104136243;;2021-04-21 14:15:57
564;ISS SERVICES;356224104136284;;2021-04-21 14:15:57
564;ISS SERVICES;356224104136433;;2021-04-21 14:15:57
564;ISS SERVICES;356224104136623;;2021-04-21 14:15:57
564;ISS SERVICES;356224104136631;;2021-04-21 14:15:57
564;ISS SERVICES;356266100851408;;2021-04-21 14:15:57
564;ISS SERVICES;356266100853412;;2021-04-21 14:15:57
564;ISS SERVICES;356266100853438;;2021-04-21 14:15:57
564;ISS SERVICES;356266100853479;;2021-04-21 14:15:57
564;ISS SERVICES;356266100858999;;2021-04-21 14:15:57
564;ISS SERVICES;356266100859880;;2021-04-21 14:15:57
564;ISS SERVICES;356266100887394;;2021-04-21 14:15:57
564;ISS SERVICES;356266100888061;;2021-04-21 14:15:57
564;ISS SERVICES;356266101244447;;2021-04-21 14:15:57
564;ISS SERVICES;356266101401096;;2021-04-21 14:15:57
564;ISS SERVICES;356266101401914;;2021-04-21 14:15:57
564;ISS SERVICES;356266101404439;;2021-04-21 14:15:57
564;ISS SERVICES;356266101405147;;2021-04-21 14:15:57
564;ISS SERVICES;356266101405154;;2021-04-21 14:15:57
564;ISS SERVICES;356266101406095;;2021-04-21 14:15:57
564;ISS SERVICES;356266101406327;;2021-04-21 14:15:57
564;ISS SERVICES;356266101406699;;2021-04-21 14:15:57
564;ISS SERVICES;356266101408968;;2021-04-21 14:15:57
564;ISS SERVICES;356266101409446;;2021-04-21 14:15:57
564;ISS SERVICES;356266101409503;;2021-04-21 14:15:57
564;ISS SERVICES;356266101409883;;2021-04-21 14:15:57
564;ISS SERVICES;356266101413117;;2021-04-21 14:15:57
564;ISS SERVICES;356266101716642;;2021-04-21 14:15:57
564;ISS SERVICES;356275072201427;;2021-04-21 14:15:57
564;ISS SERVICES;356275072485194;;2021-04-21 14:15:57
564;ISS SERVICES;356275077641361;;2021-04-21 14:15:57
564;ISS SERVICES;356275077642302;;2021-04-21 14:15:57
564;ISS SERVICES;356275077642328;;2021-04-21 14:15:57
564;ISS SERVICES;356275077643136;;2021-04-21 14:15:57
564;ISS SERVICES;356275077644282;;2021-04-21 14:15:57
564;ISS SERVICES;356372088418994;;2021-04-21 14:15:57
564;ISS SERVICES;356388086524930;;2021-04-21 14:15:57
564;ISS SERVICES;356437082952239;;2021-04-21 14:15:57
564;ISS SERVICES;356437082963343;;2021-04-21 14:15:57
564;ISS SERVICES;356437082963467;;2021-04-21 14:15:57
564;ISS SERVICES;356437082963517;;2021-04-21 14:15:57
564;ISS SERVICES;356437082964002;;2021-04-21 14:15:57
564;ISS SERVICES;356437082964085;;2021-04-21 14:15:57
564;ISS SERVICES;356437082964499;;2021-04-21 14:15:57
564;ISS SERVICES;356437082983226;;2021-04-21 14:15:57
564;ISS SERVICES;356437082983697;;2021-04-21 14:15:57
564;ISS SERVICES;356437082984448;;2021-04-21 14:15:57
564;ISS SERVICES;356437082985320;;2021-04-21 14:15:57
564;ISS SERVICES;356437082985395;;2021-04-21 14:15:57
564;ISS SERVICES;356437082986047;;2021-04-21 14:15:57
564;ISS SERVICES;356437082986351;;2021-04-21 14:15:57
564;ISS SERVICES;356437083220115;;2021-04-21 14:15:57
564;ISS SERVICES;356713070205412;;2021-04-21 14:15:57
564;ISS SERVICES;356713072019084;;2021-04-21 14:15:57
564;ISS SERVICES;356713072099730;;2021-04-21 14:15:57
564;ISS SERVICES;356713072133984;;2021-04-21 14:15:57
564;ISS SERVICES;356713072368572;;2021-04-21 14:15:57
564;ISS SERVICES;356713073135343;;2021-04-21 14:15:57
564;ISS SERVICES;356713073138594;;2021-04-21 14:15:57
564;ISS SERVICES;356713073213413;;2021-04-21 14:15:57
564;ISS SERVICES;356713073214148;;2021-04-21 14:15:57
564;ISS SERVICES;356713074048008;;2021-04-21 14:15:57
564;ISS SERVICES;356713074049709;;2021-04-21 14:15:57
564;ISS SERVICES;356713074049758;;2021-04-21 14:15:57
564;ISS SERVICES;356713074050053;;2021-04-21 14:15:57
564;ISS SERVICES;356713074054436;;2021-04-21 14:15:57
564;ISS SERVICES;356713074054527;;2021-04-21 14:15:57
564;ISS SERVICES;356713074057934;;2021-04-21 14:15:57
564;ISS SERVICES;356713074058536;;2021-04-21 14:15:57
564;ISS SERVICES;356713074086750;;2021-04-21 14:15:57
564;ISS SERVICES;356713074119841;;2021-04-21 14:15:57
564;ISS SERVICES;356713074120831;;2021-04-21 14:15:57
564;ISS SERVICES;356713074124775;;2021-04-21 14:15:57
564;ISS SERVICES;356713074130277;;2021-04-21 14:15:57
564;ISS SERVICES;356713074130418;;2021-04-21 14:15:57
564;ISS SERVICES;356713074130988;;2021-04-21 14:15:57
564;ISS SERVICES;356713074132760;;2021-04-21 14:15:57
564;ISS SERVICES;356789100810322;;2021-04-21 14:15:57
564;ISS SERVICES;356789100810405;;2021-04-21 14:15:57
564;ISS SERVICES;356789100810322;;2021-04-21 14:15:57
564;ISS SERVICES;356789100810405;;2021-04-21 14:15:57
564;ISS SERVICES;358360106441476;;2021-04-21 14:23:54
564;ISS SERVICES;358360106441518;;2021-04-21 14:23:54
564;ISS SERVICES;358360106442060;;2021-04-21 14:23:54
564;ISS SERVICES;358360106442417;;2021-04-21 14:23:54
564;ISS SERVICES;358360106442722;;2021-04-21 14:23:54
564;ISS SERVICES;358360106442854;;2021-04-21 14:23:54
564;ISS SERVICES;358360106445105;;2021-04-21 14:23:54
564;ISS SERVICES;358360106445204;;2021-04-21 14:23:54
564;ISS SERVICES;358360106446038;;2021-04-21 14:23:54
564;ISS SERVICES;358360106449107;;2021-04-21 14:23:54
564;ISS SERVICES;358360106449289;;2021-04-21 14:23:54
564;ISS SERVICES;358360106454628;;2021-04-21 14:23:54
564;ISS SERVICES;358360109412383;;2021-04-21 14:23:54
564;ISS SERVICES;358360109413993;;2021-04-21 14:23:54
564;ISS SERVICES;358360109414686;;2021-04-21 14:23:54
564;ISS SERVICES;358360109416665;;2021-04-21 14:23:54
564;ISS SERVICES;358360109421525;;2021-04-21 14:23:54
564;ISS SERVICES;358360109421665;;2021-04-21 14:23:54
564;ISS SERVICES;358360109430492;;2021-04-21 14:23:54
564;ISS SERVICES;358360109555694;;2021-04-21 14:23:54
564;ISS SERVICES;358360109555967;;2021-04-21 14:23:54
564;ISS SERVICES;358360109555991;;2021-04-21 14:23:54
564;ISS SERVICES;358360109556056;;2021-04-21 14:23:54
564;ISS SERVICES;358360109557310;;2021-04-21 14:23:54
564;ISS SERVICES;358360109557450;;2021-04-21 14:23:54
564;ISS SERVICES;358360109583480;;2021-04-21 14:23:54
564;ISS SERVICES;358360109595674;;2021-04-21 14:23:54
564;ISS SERVICES;358360109596052;;2021-04-21 14:23:54
564;ISS SERVICES;358360109596151;;2021-04-21 14:23:54
564;ISS SERVICES;358360109596177;;2021-04-21 14:23:54
564;ISS SERVICES;358360109596581;;2021-04-21 14:23:54
564;ISS SERVICES;358360109596649;;2021-04-21 14:23:54
564;ISS SERVICES;358360109596722;;2021-04-21 14:23:54
564;ISS SERVICES;358360109597035;;2021-04-21 14:23:54
564;ISS SERVICES;358360109597076;;2021-04-21 14:23:54
564;ISS SERVICES;358360109599049;;2021-04-21 14:23:54
564;ISS SERVICES;358360109600359;;2021-04-21 14:23:54
564;ISS SERVICES;358360109600367;;2021-04-21 14:23:54
564;ISS SERVICES;358360109600383;;2021-04-21 14:23:54
564;ISS SERVICES;358360109602181;;2021-04-21 14:23:54
564;ISS SERVICES;358360109602199;;2021-04-21 14:23:54
564;ISS SERVICES;358360109602371;;2021-04-21 14:23:54
564;ISS SERVICES;358360109602892;;2021-04-21 14:23:54
564;ISS SERVICES;358360109603239;;2021-04-21 14:23:54
564;ISS SERVICES;358360109603254;;2021-04-21 14:23:54
564;ISS SERVICES;358360109603684;;2021-04-21 14:23:54
564;ISS SERVICES;358360109603726;;2021-04-21 14:23:54
564;ISS SERVICES;358360109603866;;2021-04-21 14:23:54
564;ISS SERVICES;358360109603932;;2021-04-21 14:23:54
564;ISS SERVICES;358360109604989;;2021-04-21 14:23:54
564;ISS SERVICES;358360109610366;;2021-04-21 14:23:54
564;ISS SERVICES;358360109610390;;2021-04-21 14:23:54
564;ISS SERVICES;358360109676557;;2021-04-21 14:23:54
564;ISS SERVICES;358360109887154;;2021-04-21 14:23:54
564;ISS SERVICES;358450078232407;;2021-04-21 14:23:54
564;ISS SERVICES;358450078803090;;2021-04-21 14:23:54
564;ISS SERVICES;358450079819442;;2021-04-21 14:23:54
564;ISS SERVICES;358493090532685;;2021-04-21 14:23:54
564;ISS SERVICES;358493090533964;;2021-04-21 14:23:54
564;ISS SERVICES;358493090534079;;2021-04-21 14:23:54
564;ISS SERVICES;358493090534228;;2021-04-21 14:23:54
564;ISS SERVICES;358493091875729;;2021-04-21 14:23:54
564;ISS SERVICES;358493092397954;;2021-04-21 14:23:54
564;ISS SERVICES;358493092408421;;2021-04-21 14:23:54
564;ISS SERVICES;358493092506257;;2021-04-21 14:23:54
564;ISS SERVICES;358493092507156;;2021-04-21 14:23:54
564;ISS SERVICES;358493092507255;;2021-04-21 14:23:54
564;ISS SERVICES;358493092508121;;2021-04-21 14:23:54
564;ISS SERVICES;358493092510168;;2021-04-21 14:23:54
564;ISS SERVICES;358493092510218;;2021-04-21 14:23:54
564;ISS SERVICES;358493092510432;;2021-04-21 14:23:54
564;ISS SERVICES;358493092510499;;2021-04-21 14:23:54
564;ISS SERVICES;358493092510838;;2021-04-21 14:23:54
564;ISS SERVICES;358493092512263;;2021-04-21 14:23:54
564;ISS SERVICES;358493092912042;;2021-04-21 14:23:54
564;ISS SERVICES;358493092912133;;2021-04-21 14:23:54
564;ISS SERVICES;358493092912232;;2021-04-21 14:23:54
564;ISS SERVICES;358493093148539;;2021-04-21 14:23:54
564;ISS SERVICES;358493093933716;;2021-04-21 14:23:54
564;ISS SERVICES;358493095941345;;2021-04-21 14:23:54
564;ISS SERVICES;358493096318485;;2021-04-21 14:23:54
564;ISS SERVICES;358493096321513;;2021-04-21 14:23:54
564;ISS SERVICES;358493096321745;;2021-04-21 14:23:54
564;ISS SERVICES;358493096355925;;2021-04-21 14:23:54
564;ISS SERVICES;358493096359828;;2021-04-21 14:23:54
564;ISS SERVICES;358493096361279;;2021-04-21 14:23:54
564;ISS SERVICES;358493098058774;;2021-04-21 14:23:54
564;ISS SERVICES;358493098060457;;2021-04-21 14:23:54
564;ISS SERVICES;358493098953057;;2021-04-21 14:23:54
564;ISS SERVICES;358493098954451;;2021-04-21 14:23:54
564;ISS SERVICES;358493098954840;;2021-04-21 14:23:54
564;ISS SERVICES;358493098955490;;2021-04-21 14:23:54
564;ISS SERVICES;358493098961860;;2021-04-21 14:23:54
564;ISS SERVICES;358493099425139;;2021-04-21 14:23:54
564;ISS SERVICES;358493099425170;;2021-04-21 14:23:54
564;ISS SERVICES;358493099427556;;2021-04-21 14:23:54
564;ISS SERVICES;358493099427606;;2021-04-21 14:23:54
564;ISS SERVICES;358493099439684;;2021-04-21 14:23:54
564;ISS SERVICES;358493099450319;;2021-04-21 14:23:54
564;ISS SERVICES;358493099450319;;2021-04-21 14:23:54
564;ISS SERVICES;357631097548623;;2021-04-21 14:22:46
564;ISS SERVICES;357631097548920;;2021-04-21 14:22:46
564;ISS SERVICES;357631097549092;;2021-04-21 14:22:46
564;ISS SERVICES;357631097549159;;2021-04-21 14:22:46
564;ISS SERVICES;357631097549175;;2021-04-21 14:22:46
564;ISS SERVICES;357631097549241;;2021-04-21 14:22:46
564;ISS SERVICES;357631097549282;;2021-04-21 14:22:46
564;ISS SERVICES;357631097549449;;2021-04-21 14:22:46
564;ISS SERVICES;357631097549464;;2021-04-21 14:22:46
564;ISS SERVICES;357631097549514;;2021-04-21 14:22:46
564;ISS SERVICES;357631097549704;;2021-04-21 14:22:46
564;ISS SERVICES;357631097549738;;2021-04-21 14:22:46
564;ISS SERVICES;357631097549829;;2021-04-21 14:22:46
564;ISS SERVICES;357631097549845;;2021-04-21 14:22:46
564;ISS SERVICES;357631097549910;;2021-04-21 14:22:46
564;ISS SERVICES;357631097550090;;2021-04-21 14:22:46
564;ISS SERVICES;357631097550116;;2021-04-21 14:22:46
564;ISS SERVICES;357631097550157;;2021-04-21 14:22:46
564;ISS SERVICES;357631097550371;;2021-04-21 14:22:46
564;ISS SERVICES;357631097550462;;2021-04-21 14:22:46
564;ISS SERVICES;357631097550843;;2021-04-21 14:22:46
564;ISS SERVICES;357631097550892;;2021-04-21 14:22:46
564;ISS SERVICES;357631097551122;;2021-04-21 14:22:46
564;ISS SERVICES;357631097551304;;2021-04-21 14:22:46
564;ISS SERVICES;357631097551387;;2021-04-21 14:22:46
564;ISS SERVICES;357631097551478;;2021-04-21 14:22:46
564;ISS SERVICES;357631097551551;;2021-04-21 14:22:46
564;ISS SERVICES;357631097551619;;2021-04-21 14:22:46
564;ISS SERVICES;357631097551775;;2021-04-21 14:22:46
564;ISS SERVICES;357631097551932;;2021-04-21 14:22:46
564;ISS SERVICES;357631097552146;;2021-04-21 14:22:46
564;ISS SERVICES;357655086848322;;2021-04-21 14:22:46
564;ISS SERVICES;357655086848520;;2021-04-21 14:22:46
564;ISS SERVICES;357655086849668;;2021-04-21 14:22:46
564;ISS SERVICES;357812082505600;;2021-04-21 14:22:46
564;ISS SERVICES;357812085050083;;2021-04-21 14:22:46
564;ISS SERVICES;357812085050232;;2021-04-21 14:22:46
564;ISS SERVICES;357812085051016;;2021-04-21 14:22:46
564;ISS SERVICES;357812085052675;;2021-04-21 14:22:46
564;ISS SERVICES;357812087269889;;2021-04-21 14:22:46
564;ISS SERVICES;357812087270069;;2021-04-21 14:22:46
564;ISS SERVICES;357812087273006;;2021-04-21 14:22:46
564;ISS SERVICES;357812087274251;;2021-04-21 14:22:46
564;ISS SERVICES;357812087274657;;2021-04-21 14:22:46
564;ISS SERVICES;357812087275290;;2021-04-21 14:22:46
564;ISS SERVICES;357812087275829;;2021-04-21 14:22:46
564;ISS SERVICES;357812087902182;;2021-04-21 14:22:46
564;ISS SERVICES;357812087950082;;2021-04-21 14:22:46
564;ISS SERVICES;357812088348591;;2021-04-21 14:22:46
564;ISS SERVICES;357812089222639;;2021-04-21 14:22:46
564;ISS SERVICES;357812089223256;;2021-04-21 14:22:46
564;ISS SERVICES;357940090713492;;2021-04-21 14:22:46
564;ISS SERVICES;357940090713567;;2021-04-21 14:22:46
564;ISS SERVICES;357940090713617;;2021-04-21 14:22:46
564;ISS SERVICES;357940090714268;;2021-04-21 14:22:46
564;ISS SERVICES;357940090714284;;2021-04-21 14:22:46
564;ISS SERVICES;357940090738572;;2021-04-21 14:22:46
564;ISS SERVICES;357940090740917;;2021-04-21 14:22:46
564;ISS SERVICES;357940090743861;;2021-04-21 14:22:46
564;ISS SERVICES;357940090753340;;2021-04-21 14:22:46
564;ISS SERVICES;357940090753415;;2021-04-21 14:22:46
564;ISS SERVICES;357940090753845;;2021-04-21 14:22:46
564;ISS SERVICES;357940090754306;;2021-04-21 14:22:46
564;ISS SERVICES;357940090761939;;2021-04-21 14:22:46
564;ISS SERVICES;357940090763125;;2021-04-21 14:22:46
564;ISS SERVICES;357940090790524;;2021-04-21 14:22:46
564;ISS SERVICES;357940090814928;;2021-04-21 14:22:46
564;ISS SERVICES;357940090817525;;2021-04-21 14:22:46
564;ISS SERVICES;358263052536572;;2021-04-21 14:22:46
564;ISS SERVICES;358263052599893;;2021-04-21 14:22:46
564;ISS SERVICES;358263052604925;;2021-04-21 14:22:46
564;ISS SERVICES;358263053293116;;2021-04-21 14:22:46
564;ISS SERVICES;358263053352755;;2021-04-21 14:22:46
564;ISS SERVICES;358263053666550;;2021-04-21 14:22:46
564;ISS SERVICES;358263053895167;;2021-04-21 14:22:46
564;ISS SERVICES;358263053952281;;2021-04-21 14:22:46
564;ISS SERVICES;358263054558749;;2021-04-21 14:22:46
564;ISS SERVICES;358263054642188;;2021-04-21 14:22:46
564;ISS SERVICES;358320070495445;;2021-04-21 14:22:46
564;ISS SERVICES;358360100856125;;2021-04-21 14:22:46
564;ISS SERVICES;358360100859319;;2021-04-21 14:22:46
564;ISS SERVICES;358360100864079;;2021-04-21 14:22:46
564;ISS SERVICES;358360100864418;;2021-04-21 14:22:46
564;ISS SERVICES;358360100865795;;2021-04-21 14:22:46
564;ISS SERVICES;358360103001976;;2021-04-21 14:22:46
564;ISS SERVICES;358360103146813;;2021-04-21 14:22:46
564;ISS SERVICES;358360103231953;;2021-04-21 14:22:46
564;ISS SERVICES;358360103232472;;2021-04-21 14:22:46
564;ISS SERVICES;358360103232605;;2021-04-21 14:22:46
564;ISS SERVICES;358360106253889;;2021-04-21 14:22:46
564;ISS SERVICES;358360106312784;;2021-04-21 14:22:46
564;ISS SERVICES;358360106313352;;2021-04-21 14:22:46
564;ISS SERVICES;358360106315597;;2021-04-21 14:22:46
564;ISS SERVICES;358360106315852;;2021-04-21 14:22:46
564;ISS SERVICES;358360106316348;;2021-04-21 14:22:46
564;ISS SERVICES;358360106332204;;2021-04-21 14:22:46
564;ISS SERVICES;358360106440031;;2021-04-21 14:22:46
564;ISS SERVICES;358360106441302;;2021-04-21 14:22:46
564;ISS SERVICES;358360106441336;;2021-04-21 14:22:46
564;ISS SERVICES;358360106441336;;2021-04-21 14:22:46
564;ISS SERVICES;357463094639266;;2021-04-21 14:21:28
564;ISS SERVICES;357463094639977;;2021-04-21 14:21:28
564;ISS SERVICES;357463094640397;;2021-04-21 14:21:28
564;ISS SERVICES;357463094643474;;2021-04-21 14:21:28
564;ISS SERVICES;357463094643680;;2021-04-21 14:21:28
564;ISS SERVICES;357463096436083;;2021-04-21 14:21:28
564;ISS SERVICES;357631097451760;;2021-04-21 14:21:28
564;ISS SERVICES;357631097451828;;2021-04-21 14:21:28
564;ISS SERVICES;357631097451943;;2021-04-21 14:21:28
564;ISS SERVICES;357631097451976;;2021-04-21 14:21:28
564;ISS SERVICES;357631097452024;;2021-04-21 14:21:28
564;ISS SERVICES;357631097452180;;2021-04-21 14:21:28
564;ISS SERVICES;357631097452230;;2021-04-21 14:21:28
564;ISS SERVICES;357631097452495;;2021-04-21 14:21:28
564;ISS SERVICES;357631097452537;;2021-04-21 14:21:28
564;ISS SERVICES;357631097452552;;2021-04-21 14:21:28
564;ISS SERVICES;357631097452578;;2021-04-21 14:21:28
564;ISS SERVICES;357631097452586;;2021-04-21 14:21:28
564;ISS SERVICES;357631097452651;;2021-04-21 14:21:28
564;ISS SERVICES;357631097452727;;2021-04-21 14:21:28
564;ISS SERVICES;357631097452776;;2021-04-21 14:21:28
564;ISS SERVICES;357631097452867;;2021-04-21 14:21:28
564;ISS SERVICES;357631097452917;;2021-04-21 14:21:28
564;ISS SERVICES;357631097453154;;2021-04-21 14:21:28
564;ISS SERVICES;357631097453394;;2021-04-21 14:21:28
564;ISS SERVICES;357631097541388;;2021-04-21 14:21:28
564;ISS SERVICES;357631097541479;;2021-04-21 14:21:28
564;ISS SERVICES;357631097541503;;2021-04-21 14:21:28
564;ISS SERVICES;357631097541602;;2021-04-21 14:21:28
564;ISS SERVICES;357631097542055;;2021-04-21 14:21:28
564;ISS SERVICES;357631097542188;;2021-04-21 14:21:28
564;ISS SERVICES;357631097542204;;2021-04-21 14:21:28
564;ISS SERVICES;357631097542220;;2021-04-21 14:21:28
564;ISS SERVICES;357631097542303;;2021-04-21 14:21:28
564;ISS SERVICES;357631097542410;;2021-04-21 14:21:28
564;ISS SERVICES;357631097542485;;2021-04-21 14:21:28
564;ISS SERVICES;357631097542550;;2021-04-21 14:21:28
564;ISS SERVICES;357631097542576;;2021-04-21 14:21:28
564;ISS SERVICES;357631097542659;;2021-04-21 14:21:28
564;ISS SERVICES;357631097542741;;2021-04-21 14:21:28
564;ISS SERVICES;357631097542808;;2021-04-21 14:21:28
564;ISS SERVICES;357631097542907;;2021-04-21 14:21:28
564;ISS SERVICES;357631097543004;;2021-04-21 14:21:28
564;ISS SERVICES;357631097543319;;2021-04-21 14:21:28
564;ISS SERVICES;357631097543384;;2021-04-21 14:21:28
564;ISS SERVICES;357631097543590;;2021-04-21 14:21:28
564;ISS SERVICES;357631097543830;;2021-04-21 14:21:28
564;ISS SERVICES;357631097543905;;2021-04-21 14:21:28
564;ISS SERVICES;357631097543954;;2021-04-21 14:21:28
564;ISS SERVICES;357631097544275;;2021-04-21 14:21:28
564;ISS SERVICES;357631097544440;;2021-04-21 14:21:28
564;ISS SERVICES;357631097544572;;2021-04-21 14:21:28
564;ISS SERVICES;357631097544630;;2021-04-21 14:21:28
564;ISS SERVICES;357631097544689;;2021-04-21 14:21:28
564;ISS SERVICES;357631097544879;;2021-04-21 14:21:28
564;ISS SERVICES;357631097544994;;2021-04-21 14:21:28
564;ISS SERVICES;357631097545017;;2021-04-21 14:21:28
564;ISS SERVICES;357631097545090;;2021-04-21 14:21:28
564;ISS SERVICES;357631097545124;;2021-04-21 14:21:28
564;ISS SERVICES;357631097545314;;2021-04-21 14:21:28
564;ISS SERVICES;357631097545348;;2021-04-21 14:21:28
564;ISS SERVICES;357631097545363;;2021-04-21 14:21:28
564;ISS SERVICES;357631097545421;;2021-04-21 14:21:28
564;ISS SERVICES;357631097545454;;2021-04-21 14:21:28
564;ISS SERVICES;357631097545488;;2021-04-21 14:21:28
564;ISS SERVICES;357631097545553;;2021-04-21 14:21:28
564;ISS SERVICES;357631097545579;;2021-04-21 14:21:28
564;ISS SERVICES;357631097545645;;2021-04-21 14:21:28
564;ISS SERVICES;357631097545710;;2021-04-21 14:21:28
564;ISS SERVICES;357631097545801;;2021-04-21 14:21:28
564;ISS SERVICES;357631097545884;;2021-04-21 14:21:28
564;ISS SERVICES;357631097545934;;2021-04-21 14:21:28
564;ISS SERVICES;357631097546239;;2021-04-21 14:21:28
564;ISS SERVICES;357631097546254;;2021-04-21 14:21:28
564;ISS SERVICES;357631097546387;;2021-04-21 14:21:28
564;ISS SERVICES;357631097546536;;2021-04-21 14:21:28
564;ISS SERVICES;357631097546668;;2021-04-21 14:21:28
564;ISS SERVICES;357631097546825;;2021-04-21 14:21:28
564;ISS SERVICES;357631097546858;;2021-04-21 14:21:28
564;ISS SERVICES;357631097546882;;2021-04-21 14:21:28
564;ISS SERVICES;357631097547211;;2021-04-21 14:21:28
564;ISS SERVICES;357631097547302;;2021-04-21 14:21:28
564;ISS SERVICES;357631097547401;;2021-04-21 14:21:28
564;ISS SERVICES;357631097547476;;2021-04-21 14:21:28
564;ISS SERVICES;357631097547492;;2021-04-21 14:21:28
564;ISS SERVICES;357631097547542;;2021-04-21 14:21:28
564;ISS SERVICES;357631097547559;;2021-04-21 14:21:28
564;ISS SERVICES;357631097547625;;2021-04-21 14:21:28
564;ISS SERVICES;357631097547690;;2021-04-21 14:21:28
564;ISS SERVICES;357631097547856;;2021-04-21 14:21:28
564;ISS SERVICES;357631097548003;;2021-04-21 14:21:28
564;ISS SERVICES;357631097548102;;2021-04-21 14:21:28
564;ISS SERVICES;357631097548177;;2021-04-21 14:21:28
564;ISS SERVICES;357631097548276;;2021-04-21 14:21:28
564;ISS SERVICES;357631097548292;;2021-04-21 14:21:28
564;ISS SERVICES;357631097548409;;2021-04-21 14:21:28
564;ISS SERVICES;357631097548441;;2021-04-21 14:21:28
564;ISS SERVICES;357631097548466;;2021-04-21 14:21:28
564;ISS SERVICES;357631097548599;;2021-04-21 14:21:28
564;ISS SERVICES;357631097548599;;2021-04-21 14:21:28
564;ISS SERVICES;354462115530341;;2021-04-21 14:04:30
564;ISS SERVICES;354462115530515;;2021-04-21 14:04:30
564;ISS SERVICES;354462115530572;;2021-04-21 14:04:30
564;ISS SERVICES;354462115530697;;2021-04-21 14:04:30
564;ISS SERVICES;354462115530705;;2021-04-21 14:04:30
564;ISS SERVICES;354462115530754;;2021-04-21 14:04:30
564;ISS SERVICES;354462115530861;;2021-04-21 14:04:30
564;ISS SERVICES;354462115532131;;2021-04-21 14:04:30
564;ISS SERVICES;354462116149372;;2021-04-21 14:04:30
564;ISS SERVICES;354462116152913;;2021-04-21 14:04:30
564;ISS SERVICES;354462116154612;;2021-04-21 14:04:30
564;ISS SERVICES;354462116159116;;2021-04-21 14:04:30
564;ISS SERVICES;354462116159124;;2021-04-21 14:04:30
564;ISS SERVICES;354462116159165;;2021-04-21 14:04:30
564;ISS SERVICES;354462116159686;;2021-04-21 14:04:30
564;ISS SERVICES;354462116159694;;2021-04-21 14:04:30
564;ISS SERVICES;354462116160023;;2021-04-21 14:04:30
564;ISS SERVICES;354462116162383;;2021-04-21 14:04:30
564;ISS SERVICES;354462116162391;;2021-04-21 14:04:30
564;ISS SERVICES;354462116162441;;2021-04-21 14:04:30
564;ISS SERVICES;354462116162854;;2021-04-21 14:04:30
564;ISS SERVICES;354462116162938;;2021-04-21 14:04:30
564;ISS SERVICES;354462116163571;;2021-04-21 14:04:30
564;ISS SERVICES;354462116163654;;2021-04-21 14:04:30
564;ISS SERVICES;354462116163969;;2021-04-21 14:04:30
564;ISS SERVICES;354462116163985;;2021-04-21 14:04:30
564;ISS SERVICES;354462116166657;;2021-04-21 14:04:30
564;ISS SERVICES;354462116170162;;2021-04-21 14:04:30
564;ISS SERVICES;354462116170790;;2021-04-21 14:04:30
564;ISS SERVICES;354462116170832;;2021-04-21 14:04:30
564;ISS SERVICES;354462116173331;;2021-04-21 14:04:30
564;ISS SERVICES;354462116173380;;2021-04-21 14:04:30
564;ISS SERVICES;354462116174123;;2021-04-21 14:04:30
564;ISS SERVICES;354462116174685;;2021-04-21 14:04:30
564;ISS SERVICES;354462116175591;;2021-04-21 14:04:30
564;ISS SERVICES;354462116176375;;2021-04-21 14:04:30
564;ISS SERVICES;354462116177332;;2021-04-21 14:04:30
564;ISS SERVICES;354462116177993;;2021-04-21 14:04:30
564;ISS SERVICES;354462116178082;;2021-04-21 14:04:30
564;ISS SERVICES;354462116468079;;2021-04-21 14:04:30
564;ISS SERVICES;354462116469093;;2021-04-21 14:04:30
564;ISS SERVICES;354462116469655;;2021-04-21 14:04:30
564;ISS SERVICES;354462116472907;;2021-04-21 14:04:30
564;ISS SERVICES;354462116475272;;2021-04-21 14:04:30
564;ISS SERVICES;354462116487764;;2021-04-21 14:04:30
564;ISS SERVICES;354462116526082;;2021-04-21 14:04:30
564;ISS SERVICES;354462116526629;;2021-04-21 14:04:30
564;ISS SERVICES;354462116526686;;2021-04-21 14:04:30
564;ISS SERVICES;354462116528203;;2021-04-21 14:04:30
564;ISS SERVICES;354462116528229;;2021-04-21 14:04:30
564;ISS SERVICES;354462116528260;;2021-04-21 14:04:30
564;ISS SERVICES;354462116528831;;2021-04-21 14:04:30
564;ISS SERVICES;354462116529433;;2021-04-21 14:04:30
564;ISS SERVICES;354462116529631;;2021-04-21 14:04:30
564;ISS SERVICES;354462117137483;;2021-04-21 14:04:30
564;ISS SERVICES;354462117640379;;2021-04-21 14:04:30
564;ISS SERVICES;354462117641484;;2021-04-21 14:04:30
564;ISS SERVICES;354462117651046;;2021-04-21 14:04:30
564;ISS SERVICES;354462117651103;;2021-04-21 14:04:30
564;ISS SERVICES;354462117651236;;2021-04-21 14:04:30
564;ISS SERVICES;354462117669568;;2021-04-21 14:04:30
564;ISS SERVICES;354462117730626;;2021-04-21 14:04:30
564;ISS SERVICES;354462117738736;;2021-04-21 14:04:30
564;ISS SERVICES;354462117739163;;2021-04-21 14:04:30
564;ISS SERVICES;354462117739486;;2021-04-21 14:04:30
564;ISS SERVICES;354462117739593;;2021-04-21 14:04:30
564;ISS SERVICES;354462117739684;;2021-04-21 14:04:30
564;ISS SERVICES;354462117739742;;2021-04-21 14:04:30
564;ISS SERVICES;354462117740252;;2021-04-21 14:04:30
564;ISS SERVICES;354466078276768;;2021-04-21 14:04:30
564;ISS SERVICES;354603087262955;;2021-04-21 14:04:30
564;ISS SERVICES;354609071928584;;2021-04-21 14:04:30
564;ISS SERVICES;354609071931562;;2021-04-21 14:04:30
564;ISS SERVICES;354609071952451;;2021-04-21 14:04:30
564;ISS SERVICES;354609071957575;;2021-04-21 14:04:30
564;ISS SERVICES;354609071957864;;2021-04-21 14:04:30
564;ISS SERVICES;355215102385197;;2021-04-21 14:04:30
564;ISS SERVICES;355215102385221;;2021-04-21 14:04:30
564;ISS SERVICES;355215102661860;;2021-04-21 14:04:30
564;ISS SERVICES;355215102661894;;2021-04-21 14:04:30
564;ISS SERVICES;355215102661928;;2021-04-21 14:04:30
564;ISS SERVICES;355215102662017;;2021-04-21 14:04:30
564;ISS SERVICES;355215102662173;;2021-04-21 14:04:30
564;ISS SERVICES;355215102662231;;2021-04-21 14:04:30
564;ISS SERVICES;355215102662538;;2021-04-21 14:04:30
564;ISS SERVICES;355215102662678;;2021-04-21 14:04:30
564;ISS SERVICES;355215102662900;;2021-04-21 14:04:30
564;ISS SERVICES;355215102663007;;2021-04-21 14:04:30
564;ISS SERVICES;355215102663015;;2021-04-21 14:04:30
564;ISS SERVICES;355215102663031;;2021-04-21 14:04:30
564;ISS SERVICES;355215102663593;;2021-04-21 14:04:30
564;ISS SERVICES;355215102663601;;2021-04-21 14:04:30
564;ISS SERVICES;355215102663767;;2021-04-21 14:04:30
564;ISS SERVICES;355215102664013;;2021-04-21 14:04:30
564;ISS SERVICES;355215102664088;;2021-04-21 14:04:30
564;ISS SERVICES;355215102663593;;2021-04-21 14:04:30
564;ISS SERVICES;355215102663601;;2021-04-21 14:04:30
564;ISS SERVICES;355215102663767;;2021-04-21 14:04:30
564;ISS SERVICES;355215102664013;;2021-04-21 14:04:30
564;ISS SERVICES;355215102664088;;2021-04-21 14:04:30
564;ISS SERVICES;355523116385842;;2021-04-21 14:13:47
564;ISS SERVICES;355523116387111;;2021-04-21 14:13:47
564;ISS SERVICES;355523116388911;;2021-04-21 14:13:47
564;ISS SERVICES;355523116389059;;2021-04-21 14:13:47
564;ISS SERVICES;355523116391295;;2021-04-21 14:13:47
564;ISS SERVICES;355523116394000;;2021-04-21 14:13:47
564;ISS SERVICES;355523116394596;;2021-04-21 14:13:47
564;ISS SERVICES;355523116396765;;2021-04-21 14:13:47
564;ISS SERVICES;355523116396807;;2021-04-21 14:13:47
564;ISS SERVICES;355523116396963;;2021-04-21 14:13:47
564;ISS SERVICES;355523116396989;;2021-04-21 14:13:47
564;ISS SERVICES;355523116397227;;2021-04-21 14:13:47
564;ISS SERVICES;355523116397292;;2021-04-21 14:13:47
564;ISS SERVICES;355523116397680;;2021-04-21 14:13:47
564;ISS SERVICES;355523116397730;;2021-04-21 14:13:47
564;ISS SERVICES;355523116398183;;2021-04-21 14:13:47
564;ISS SERVICES;355523116398191;;2021-04-21 14:13:47
564;ISS SERVICES;355523116398282;;2021-04-21 14:13:47
564;ISS SERVICES;355523116398381;;2021-04-21 14:13:47
564;ISS SERVICES;355523116398787;;2021-04-21 14:13:47
564;ISS SERVICES;355523116398936;;2021-04-21 14:13:47
564;ISS SERVICES;355523116399355;;2021-04-21 14:13:47
564;ISS SERVICES;355523116399587;;2021-04-21 14:13:47
564;ISS SERVICES;355523116400336;;2021-04-21 14:13:47
564;ISS SERVICES;355523116400351;;2021-04-21 14:13:47
564;ISS SERVICES;355523116400377;;2021-04-21 14:13:47
564;ISS SERVICES;355523116400385;;2021-04-21 14:13:47
564;ISS SERVICES;355523116400617;;2021-04-21 14:13:47
564;ISS SERVICES;355523116400625;;2021-04-21 14:13:47
564;ISS SERVICES;355523116400807;;2021-04-21 14:13:47
564;ISS SERVICES;355523116419518;;2021-04-21 14:13:47
564;ISS SERVICES;355523116419526;;2021-04-21 14:13:47
564;ISS SERVICES;355523116420037;;2021-04-21 14:13:47
564;ISS SERVICES;355523116420078;;2021-04-21 14:13:47
564;ISS SERVICES;355523116420342;;2021-04-21 14:13:47
564;ISS SERVICES;355523116420391;;2021-04-21 14:13:47
564;ISS SERVICES;355523116420516;;2021-04-21 14:13:47
564;ISS SERVICES;355523116421555;;2021-04-21 14:13:47
564;ISS SERVICES;355523116421738;;2021-04-21 14:13:47
564;ISS SERVICES;355523116421894;;2021-04-21 14:13:47
564;ISS SERVICES;355523116421910;;2021-04-21 14:13:47
564;ISS SERVICES;355523116422017;;2021-04-21 14:13:47
564;ISS SERVICES;355523116422108;;2021-04-21 14:13:47
564;ISS SERVICES;355523116422165;;2021-04-21 14:13:47
564;ISS SERVICES;355523116422207;;2021-04-21 14:13:47
564;ISS SERVICES;355523116422249;;2021-04-21 14:13:47
564;ISS SERVICES;355523116422256;;2021-04-21 14:13:47
564;ISS SERVICES;355523116422272;;2021-04-21 14:13:47
564;ISS SERVICES;355523116422397;;2021-04-21 14:13:47
564;ISS SERVICES;355523116422421;;2021-04-21 14:13:47
564;ISS SERVICES;355523116422637;;2021-04-21 14:13:47
564;ISS SERVICES;355523116422744;;2021-04-21 14:13:47
564;ISS SERVICES;355523116422975;;2021-04-21 14:13:47
564;ISS SERVICES;355523116423106;;2021-04-21 14:13:47
564;ISS SERVICES;355523116423247;;2021-04-21 14:13:47
564;ISS SERVICES;355523116423262;;2021-04-21 14:13:47
564;ISS SERVICES;355523116423445;;2021-04-21 14:13:47
564;ISS SERVICES;355523116423510;;2021-04-21 14:13:47
564;ISS SERVICES;355523116424435;;2021-04-21 14:13:47
564;ISS SERVICES;355523116424476;;2021-04-21 14:13:47
564;ISS SERVICES;355523116424583;;2021-04-21 14:13:47
564;ISS SERVICES;355523116459969;;2021-04-21 14:13:47
564;ISS SERVICES;355523116462104;;2021-04-21 14:13:47
564;ISS SERVICES;355523116462260;;2021-04-21 14:13:47
564;ISS SERVICES;355523116464118;;2021-04-21 14:13:47
564;ISS SERVICES;355523116510175;;2021-04-21 14:13:47
564;ISS SERVICES;355523116510324;;2021-04-21 14:13:47
564;ISS SERVICES;355523116510597;;2021-04-21 14:13:47
564;ISS SERVICES;355523116510852;;2021-04-21 14:13:47
564;ISS SERVICES;355523119467639;;2021-04-21 14:13:47
564;ISS SERVICES;355523119467845;;2021-04-21 14:13:47
564;ISS SERVICES;355523119468389;;2021-04-21 14:13:47
564;ISS SERVICES;355523119468694;;2021-04-21 14:13:47
564;ISS SERVICES;355523119468777;;2021-04-21 14:13:47
564;ISS SERVICES;355523119469650;;2021-04-21 14:13:47
564;ISS SERVICES;355523119469718;;2021-04-21 14:13:47
564;ISS SERVICES;355523119470591;;2021-04-21 14:13:47
564;ISS SERVICES;355523119473637;;2021-04-21 14:13:47
564;ISS SERVICES;355523119476416;;2021-04-21 14:13:47
564;ISS SERVICES;355523119476770;;2021-04-21 14:13:47
564;ISS SERVICES;355523119476994;;2021-04-21 14:13:47
564;ISS SERVICES;355523119470567;;2021-04-21 14:13:47
564;ISS SERVICES;355523119470591;;2021-04-21 14:13:47
564;ISS SERVICES;355523119470898;;2021-04-21 14:13:47
564;ISS SERVICES;355523119471557;;2021-04-21 14:13:47
564;ISS SERVICES;355523119472340;;2021-04-21 14:13:47
564;ISS SERVICES;355523119473637;;2021-04-21 14:13:47
564;ISS SERVICES;355523119474411;;2021-04-21 14:13:47
564;ISS SERVICES;355523119475103;;2021-04-21 14:13:47
564;ISS SERVICES;355523119475244;;2021-04-21 14:13:47
564;ISS SERVICES;355523119475343;;2021-04-21 14:13:47
564;ISS SERVICES;355523119476051;;2021-04-21 14:13:47
564;ISS SERVICES;355523119476291;;2021-04-21 14:13:47
564;ISS SERVICES;355523119476309;;2021-04-21 14:13:47
564;ISS SERVICES;355523119476416;;2021-04-21 14:13:47
564;ISS SERVICES;355523119476705;;2021-04-21 14:13:47
564;ISS SERVICES;355523119476739;;2021-04-21 14:13:47
564;ISS SERVICES;355523119476770;;2021-04-21 14:13:47
564;ISS SERVICES;355523119476994;;2021-04-21 14:13:47
564;ISS SERVICES;353228112680780;;2021-04-21 13:59:31
564;ISS SERVICES;353228112683800;;2021-04-21 13:59:31
564;ISS SERVICES;353228112684451;;2021-04-21 13:59:31
564;ISS SERVICES;353228112684766;;2021-04-21 13:59:31
564;ISS SERVICES;353228112685722;;2021-04-21 13:59:31
564;ISS SERVICES;353228112685771;;2021-04-21 13:59:31
564;ISS SERVICES;353228112692108;;2021-04-21 13:59:31
564;ISS SERVICES;353228112750807;;2021-04-21 13:59:31
564;ISS SERVICES;353316092499964;;2021-04-21 13:59:31
564;ISS SERVICES;353316093612425;;2021-04-21 13:59:31
564;ISS SERVICES;353316093852187;;2021-04-21 13:59:31
564;ISS SERVICES;353316093879792;;2021-04-21 13:59:31
564;ISS SERVICES;353316093884149;;2021-04-21 13:59:31
564;ISS SERVICES;353316093922279;;2021-04-21 13:59:31
564;ISS SERVICES;353316093923319;;2021-04-21 13:59:31
564;ISS SERVICES;353316093923533;;2021-04-21 13:59:31
564;ISS SERVICES;353316093929589;;2021-04-21 13:59:31
564;ISS SERVICES;353316093929803;;2021-04-21 13:59:31
564;ISS SERVICES;353316093933938;;2021-04-21 13:59:31
564;ISS SERVICES;353468106181045;;2021-04-21 13:59:31
564;ISS SERVICES;353468106193099;;2021-04-21 13:59:31
564;ISS SERVICES;353468106193107;;2021-04-21 13:59:31
564;ISS SERVICES;353468106193123;;2021-04-21 13:59:31
564;ISS SERVICES;353468106194469;;2021-04-21 13:59:31
564;ISS SERVICES;353468106218029;;2021-04-21 13:59:31
564;ISS SERVICES;353468106218169;;2021-04-21 13:59:31
564;ISS SERVICES;353468106296439;;2021-04-21 13:59:31
564;ISS SERVICES;353468106297213;;2021-04-21 13:59:31
564;ISS SERVICES;353468106297262;;2021-04-21 13:59:31
564;ISS SERVICES;353468106297510;;2021-04-21 13:59:31
564;ISS SERVICES;353468106297692;;2021-04-21 13:59:31
564;ISS SERVICES;353468107009625;;2021-04-21 13:59:31
564;ISS SERVICES;353468107009906;;2021-04-21 13:59:31
564;ISS SERVICES;353468107050017;;2021-04-21 13:59:31
564;ISS SERVICES;353468107071658;;2021-04-21 13:59:31
564;ISS SERVICES;353468107072961;;2021-04-21 13:59:31
564;ISS SERVICES;353468107073753;;2021-04-21 13:59:31
564;ISS SERVICES;353468107074496;;2021-04-21 13:59:31
564;ISS SERVICES;353468107091250;;2021-04-21 13:59:31
564;ISS SERVICES;353468107092530;;2021-04-21 13:59:31
564;ISS SERVICES;353468107093637;;2021-04-21 13:59:31
564;ISS SERVICES;353468107094551;;2021-04-21 13:59:31
564;ISS SERVICES;353468107094890;;2021-04-21 13:59:31
564;ISS SERVICES;353468107097166;;2021-04-21 13:59:31
564;ISS SERVICES;353468107098925;;2021-04-21 13:59:31
564;ISS SERVICES;353468107098958;;2021-04-21 13:59:31
564;ISS SERVICES;353468107099022;;2021-04-21 13:59:31
564;ISS SERVICES;353468107099147;;2021-04-21 13:59:31
564;ISS SERVICES;353468107102941;;2021-04-21 13:59:31
564;ISS SERVICES;353468107103345;;2021-04-21 13:59:31
564;ISS SERVICES;353468107103451;;2021-04-21 13:59:31
564;ISS SERVICES;353468107103592;;2021-04-21 13:59:31
564;ISS SERVICES;353468107109524;;2021-04-21 13:59:31
564;ISS SERVICES;353468107109599;;2021-04-21 13:59:31
564;ISS SERVICES;353468107109714;;2021-04-21 13:59:31
564;ISS SERVICES;353468107109870;;2021-04-21 13:59:31
564;ISS SERVICES;353468108484991;;2021-04-21 13:59:31
564;ISS SERVICES;353468108486186;;2021-04-21 13:59:31
564;ISS SERVICES;353468108486384;;2021-04-21 13:59:31
564;ISS SERVICES;353468108486491;;2021-04-21 13:59:31
564;ISS SERVICES;353468108486509;;2021-04-21 13:59:31
564;ISS SERVICES;353468108486889;;2021-04-21 13:59:31
564;ISS SERVICES;353468108498033;;2021-04-21 13:59:31
564;ISS SERVICES;353468108498892;;2021-04-21 13:59:31
564;ISS SERVICES;353468108500010;;2021-04-21 13:59:31
564;ISS SERVICES;353468108500804;;2021-04-21 13:59:31
564;ISS SERVICES;353468108501422;;2021-04-21 13:59:31
564;ISS SERVICES;353468108501463;;2021-04-21 13:59:31
564;ISS SERVICES;353468108502362;;2021-04-21 13:59:31
564;ISS SERVICES;353468108502545;;2021-04-21 13:59:31
564;ISS SERVICES;353468108505340;;2021-04-21 13:59:31
564;ISS SERVICES;353468108506041;;2021-04-21 13:59:31
564;ISS SERVICES;353468108506934;;2021-04-21 13:59:31
564;ISS SERVICES;353468108507643;;2021-04-21 13:59:31
564;ISS SERVICES;353468108527195;;2021-04-21 13:59:31
564;ISS SERVICES;353468108527609;;2021-04-21 13:59:31
564;ISS SERVICES;353468108530413;;2021-04-21 13:59:31
564;ISS SERVICES;353468108530983;;2021-04-21 13:59:31
564;ISS SERVICES;353468108533110;;2021-04-21 13:59:31
564;ISS SERVICES;353468108535545;;2021-04-21 13:59:31
564;ISS SERVICES;353468108535982;;2021-04-21 13:59:31
564;ISS SERVICES;353468108536113;;2021-04-21 13:59:31
564;ISS SERVICES;353498114151300;;2021-04-21 13:59:31
564;ISS SERVICES;353566100201949;;2021-04-21 13:59:31
564;ISS SERVICES;353566100228751;;2021-04-21 13:59:31
564;ISS SERVICES;353566100230609;;2021-04-21 13:59:31
564;ISS SERVICES;353566100591737;;2021-04-21 13:59:31
564;ISS SERVICES;353566100602377;;2021-04-21 13:59:31
564;ISS SERVICES;353566100604506;;2021-04-21 13:59:31
564;ISS SERVICES;353566100604571;;2021-04-21 13:59:31
564;ISS SERVICES;353566100605198;;2021-04-21 13:59:31
564;ISS SERVICES;353566100691164;;2021-04-21 13:59:31
564;ISS SERVICES;353566100786709;;2021-04-21 13:59:31
564;ISS SERVICES;353566101115262;;2021-04-21 13:59:31
564;ISS SERVICES;353566101247040;;2021-04-21 13:59:31
564;ISS SERVICES;353566101250598;;2021-04-21 13:59:31
564;ISS SERVICES;353566101115262;;2021-04-21 13:59:31
564;ISS SERVICES;353566101245093;;2021-04-21 13:59:31
564;ISS SERVICES;353566101247040;;2021-04-21 13:59:31
564;ISS SERVICES;353566101250598;;2021-04-21 13:59:31
564;ISS SERVICES;350247555352072;;2021-04-21 13:55:54
564;ISS SERVICES;350247555355331;;2021-04-21 13:55:54
564;ISS SERVICES;350247555355356;;2021-04-21 13:55:54
564;ISS SERVICES;350247555355570;;2021-04-21 13:55:54
564;ISS SERVICES;350247555356503;;2021-04-21 13:55:54
564;ISS SERVICES;350247555357634;;2021-04-21 13:55:54
564;ISS SERVICES;350247555357857;;2021-04-21 13:55:54
564;ISS SERVICES;350247555358160;;2021-04-21 13:55:54
564;ISS SERVICES;350247555358327;;2021-04-21 13:55:54
564;ISS SERVICES;350247555358335;;2021-04-21 13:55:54
564;ISS SERVICES;350247555358350;;2021-04-21 13:55:54
564;ISS SERVICES;350247555364036;;2021-04-21 13:55:54
564;ISS SERVICES;350247555364374;;2021-04-21 13:55:54
564;ISS SERVICES;350247555364424;;2021-04-21 13:55:54
564;ISS SERVICES;350247555364481;;2021-04-21 13:55:54
564;ISS SERVICES;350247555364846;;2021-04-21 13:55:54
564;ISS SERVICES;350247555542987;;2021-04-21 13:55:54
564;ISS SERVICES;350247555543100;;2021-04-21 13:55:54
564;ISS SERVICES;350247555543209;;2021-04-21 13:55:54
564;ISS SERVICES;350247555543704;;2021-04-21 13:55:54
564;ISS SERVICES;350247555543969;;2021-04-21 13:55:54
564;ISS SERVICES;350247555544082;;2021-04-21 13:55:54
564;ISS SERVICES;350247555544116;;2021-04-21 13:55:54
564;ISS SERVICES;350247555544280;;2021-04-21 13:55:54
564;ISS SERVICES;350247555544306;;2021-04-21 13:55:54
564;ISS SERVICES;350247555544462;;2021-04-21 13:55:54
564;ISS SERVICES;350247555544595;;2021-04-21 13:55:54
564;ISS SERVICES;350247555544637;;2021-04-21 13:55:54
564;ISS SERVICES;350247555553497;;2021-04-21 13:55:54
564;ISS SERVICES;350346018780216;;2021-04-21 13:55:54
564;ISS SERVICES;350346018780232;;2021-04-21 13:55:54
564;ISS SERVICES;351885062845861;;2021-04-21 13:55:54
564;ISS SERVICES;351885068393759;;2021-04-21 13:55:54
564;ISS SERVICES;351885068896645;;2021-04-21 13:55:54
564;ISS SERVICES;351885069649175;;2021-04-21 13:55:54
564;ISS SERVICES;352047116489423;;2021-04-21 13:55:54
564;ISS SERVICES;352047116531950;;2021-04-21 13:55:54
564;ISS SERVICES;352047116532115;;2021-04-21 13:55:54
564;ISS SERVICES;352047116532321;;2021-04-21 13:55:54
564;ISS SERVICES;352047116532487;;2021-04-21 13:55:54
564;ISS SERVICES;352047116532644;;2021-04-21 13:55:54
564;ISS SERVICES;352047116532826;;2021-04-21 13:55:54
564;ISS SERVICES;352047116535167;;2021-04-21 13:55:54
564;ISS SERVICES;352047116535332;;2021-04-21 13:55:54
564;ISS SERVICES;352047116535860;;2021-04-21 13:55:54
564;ISS SERVICES;352047116536371;;2021-04-21 13:55:54
564;ISS SERVICES;352047116537809;;2021-04-21 13:55:54
564;ISS SERVICES;352047116542429;;2021-04-21 13:55:54
564;ISS SERVICES;352047116545752;;2021-04-21 13:55:54
564;ISS SERVICES;352047116545844;;2021-04-21 13:55:54
564;ISS SERVICES;352047116551537;;2021-04-21 13:55:54
564;ISS SERVICES;352047116552055;;2021-04-21 13:55:54
564;ISS SERVICES;352047116553731;;2021-04-21 13:55:54
564;ISS SERVICES;352047116554648;;2021-04-21 13:55:54
564;ISS SERVICES;352047116557112;;2021-04-21 13:55:54
564;ISS SERVICES;352047116557120;;2021-04-21 13:55:54
564;ISS SERVICES;352047116557443;;2021-04-21 13:55:54
564;ISS SERVICES;352047116559431;;2021-04-21 13:55:54
564;ISS SERVICES;352047116559522;;2021-04-21 13:55:54
564;ISS SERVICES;352047116561023;;2021-04-21 13:55:54
564;ISS SERVICES;352047116707139;;2021-04-21 13:55:54
564;ISS SERVICES;352047116707246;;2021-04-21 13:55:54
564;ISS SERVICES;352047116707279;;2021-04-21 13:55:54
564;ISS SERVICES;352047116711800;;2021-04-21 13:55:54
564;ISS SERVICES;352047116711883;;2021-04-21 13:55:54
564;ISS SERVICES;352047116712139;;2021-04-21 13:55:54
564;ISS SERVICES;352047116712162;;2021-04-21 13:55:54
564;ISS SERVICES;352047116712220;;2021-04-21 13:55:54
564;ISS SERVICES;352047116713764;;2021-04-21 13:55:54
564;ISS SERVICES;352047116713863;;2021-04-21 13:55:54
564;ISS SERVICES;352047117204367;;2021-04-21 13:55:54
564;ISS SERVICES;352047117204409;;2021-04-21 13:55:54
564;ISS SERVICES;352047117206206;;2021-04-21 13:55:54
564;ISS SERVICES;352047117207949;;2021-04-21 13:55:54
564;ISS SERVICES;352047117213442;;2021-04-21 13:55:54
564;ISS SERVICES;352047117213806;;2021-04-21 13:55:54
564;ISS SERVICES;352047117215231;;2021-04-21 13:55:54
564;ISS SERVICES;352047117219043;;2021-04-21 13:55:54
564;ISS SERVICES;352047117219365;;2021-04-21 13:55:54
564;ISS SERVICES;352047117224696;;2021-04-21 13:55:54
564;ISS SERVICES;352047116707162;;2021-04-21 13:55:54
564;ISS SERVICES;352047116707246;;2021-04-21 13:55:54
564;ISS SERVICES;352047116707279;;2021-04-21 13:55:54
564;ISS SERVICES;352047116711800;;2021-04-21 13:55:54
564;ISS SERVICES;352047116711883;;2021-04-21 13:55:54
564;ISS SERVICES;352047116712139;;2021-04-21 13:55:54
564;ISS SERVICES;352047116712162;;2021-04-21 13:55:54
564;ISS SERVICES;352047116712220;;2021-04-21 13:55:54
564;ISS SERVICES;352047116713764;;2021-04-21 13:55:54
564;ISS SERVICES;352047116713863;;2021-04-21 13:55:54
564;ISS SERVICES;352047117204367;;2021-04-21 13:55:54
564;ISS SERVICES;352047117204409;;2021-04-21 13:55:54
564;ISS SERVICES;352047117206206;;2021-04-21 13:55:54
564;ISS SERVICES;352047117207949;;2021-04-21 13:55:54
564;ISS SERVICES;352047117213442;;2021-04-21 13:55:54
564;ISS SERVICES;352047117213806;;2021-04-21 13:55:54
564;ISS SERVICES;352047117215231;;2021-04-21 13:55:54
564;ISS SERVICES;352047117219043;;2021-04-21 13:55:54
564;ISS SERVICES;352047117219365;;2021-04-21 13:55:54
564;ISS SERVICES;352047117224696;;2021-04-21 13:55:54
564;ISS SERVICES;354053091025305;;2021-04-21 14:02:09
564;ISS SERVICES;354053091062423;;2021-04-21 14:02:09
564;ISS SERVICES;354053091062449;;2021-04-21 14:02:09
564;ISS SERVICES;354053091062464;;2021-04-21 14:02:09
564;ISS SERVICES;354053091062795;;2021-04-21 14:02:09
564;ISS SERVICES;354053091062837;;2021-04-21 14:02:09
564;ISS SERVICES;354053091064882;;2021-04-21 14:02:09
564;ISS SERVICES;354053091066283;;2021-04-21 14:02:09
564;ISS SERVICES;354053091066994;;2021-04-21 14:02:09
564;ISS SERVICES;354053091104563;;2021-04-21 14:02:09
564;ISS SERVICES;354053091104746;;2021-04-21 14:02:09
564;ISS SERVICES;354053091104878;;2021-04-21 14:02:09
564;ISS SERVICES;354053091105537;;2021-04-21 14:02:09
564;ISS SERVICES;354053091105677;;2021-04-21 14:02:09
564;ISS SERVICES;354053091106071;;2021-04-21 14:02:09
564;ISS SERVICES;354053091106352;;2021-04-21 14:02:09
564;ISS SERVICES;354053091106386;;2021-04-21 14:02:09
564;ISS SERVICES;354053098306344;;2021-04-21 14:02:09
564;ISS SERVICES;354053098308175;;2021-04-21 14:02:09
564;ISS SERVICES;354053098310874;;2021-04-21 14:02:09
564;ISS SERVICES;354053098342992;;2021-04-21 14:02:09
564;ISS SERVICES;354053098343370;;2021-04-21 14:02:09
564;ISS SERVICES;354053098511570;;2021-04-21 14:02:09
564;ISS SERVICES;354053098514590;;2021-04-21 14:02:09
564;ISS SERVICES;354053098545925;;2021-04-21 14:02:09
564;ISS SERVICES;354053098546212;;2021-04-21 14:02:09
564;ISS SERVICES;354053098546592;;2021-04-21 14:02:09
564;ISS SERVICES;354053098546618;;2021-04-21 14:02:09
564;ISS SERVICES;354053098546758;;2021-04-21 14:02:09
564;ISS SERVICES;354053098601942;;2021-04-21 14:02:09
564;ISS SERVICES;354070090699922;;2021-04-21 14:02:09
564;ISS SERVICES;354070090700183;;2021-04-21 14:02:09
564;ISS SERVICES;354070090700647;;2021-04-21 14:02:09
564;ISS SERVICES;354070090700852;;2021-04-21 14:02:09
564;ISS SERVICES;354070090706206;;2021-04-21 14:02:09
564;ISS SERVICES;354070090708335;;2021-04-21 14:02:09
564;ISS SERVICES;354070092272009;;2021-04-21 14:02:09
564;ISS SERVICES;354070092654404;;2021-04-21 14:02:09
564;ISS SERVICES;354070092657217;;2021-04-21 14:02:09
564;ISS SERVICES;354070092659999;;2021-04-21 14:02:09
564;ISS SERVICES;354070094466930;;2021-04-21 14:02:09
564;ISS SERVICES;354070094470395;;2021-04-21 14:02:09
564;ISS SERVICES;354070094470700;;2021-04-21 14:02:09
564;ISS SERVICES;354070094470783;;2021-04-21 14:02:09
564;ISS SERVICES;354070094470809;;2021-04-21 14:02:09
564;ISS SERVICES;354070094470866;;2021-04-21 14:02:09
564;ISS SERVICES;354070094470999;;2021-04-21 14:02:09
564;ISS SERVICES;354070094471104;;2021-04-21 14:02:09
564;ISS SERVICES;354070094471344;;2021-04-21 14:02:09
564;ISS SERVICES;354070094471666;;2021-04-21 14:02:09
564;ISS SERVICES;354070094472003;;2021-04-21 14:02:09
564;ISS SERVICES;354070094472888;;2021-04-21 14:02:09
564;ISS SERVICES;354070094473068;;2021-04-21 14:02:09
564;ISS SERVICES;354070094474330;;2021-04-21 14:02:09
564;ISS SERVICES;354070094481087;;2021-04-21 14:02:09
564;ISS SERVICES;354070094483463;;2021-04-21 14:02:09
564;ISS SERVICES;354070094483885;;2021-04-21 14:02:09
564;ISS SERVICES;354070094484370;;2021-04-21 14:02:09
564;ISS SERVICES;354070094484669;;2021-04-21 14:02:09
564;ISS SERVICES;354070094485963;;2021-04-21 14:02:09
564;ISS SERVICES;354070094488116;;2021-04-21 14:02:09
564;ISS SERVICES;354070094490211;;2021-04-21 14:02:09
564;ISS SERVICES;354070096529933;;2021-04-21 14:02:09
564;ISS SERVICES;354070096530113;;2021-04-21 14:02:09
564;ISS SERVICES;354070096530139;;2021-04-21 14:02:09
564;ISS SERVICES;354070096530147;;2021-04-21 14:02:09
564;ISS SERVICES;354070096530188;;2021-04-21 14:02:09
564;ISS SERVICES;354070096530253;;2021-04-21 14:02:09
564;ISS SERVICES;354070096530287;;2021-04-21 14:02:09
564;ISS SERVICES;354070096530410;;2021-04-21 14:02:09
564;ISS SERVICES;354070096530881;;2021-04-21 14:02:09
564;ISS SERVICES;354070096531426;;2021-04-21 14:02:09
564;ISS SERVICES;354070096532036;;2021-04-21 14:02:09
564;ISS SERVICES;354070096532044;;2021-04-21 14:02:09
564;ISS SERVICES;354070096532374;;2021-04-21 14:02:09
564;ISS SERVICES;354070096532630;;2021-04-21 14:02:09
564;ISS SERVICES;354070096533075;;2021-04-21 14:02:09
564;ISS SERVICES;354070096533604;;2021-04-21 14:02:09
564;ISS SERVICES;354070096533810;;2021-04-21 14:02:09
564;ISS SERVICES;354070096534446;;2021-04-21 14:02:09
564;ISS SERVICES;354070096534701;;2021-04-21 14:02:09
564;ISS SERVICES;354070096535005;;2021-04-21 14:02:09
564;ISS SERVICES;354070096535054;;2021-04-21 14:02:09
564;ISS SERVICES;354070096536011;;2021-04-21 14:02:09
564;ISS SERVICES;354070096536060;;2021-04-21 14:02:09
564;ISS SERVICES;354070096536318;;2021-04-21 14:02:09
564;ISS SERVICES;354070096536565;;2021-04-21 14:02:09
564;ISS SERVICES;354070096537134;;2021-04-21 14:02:09
564;ISS SERVICES;354070097265354;;2021-04-21 14:02:09
564;ISS SERVICES;354070097265628;;2021-04-21 14:02:09
564;ISS SERVICES;354070097265693;;2021-04-21 14:02:09
564;ISS SERVICES;354070097265826;;2021-04-21 14:02:09
564;ISS SERVICES;354070097266071;;2021-04-21 14:02:09
564;ISS SERVICES;354070097266121;;2021-04-21 14:02:09
564;ISS SERVICES;354070097266162;;2021-04-21 14:02:09
564;ISS SERVICES;354070097266444;;2021-04-21 14:02:09
564;ISS SERVICES;354070097268168;;2021-04-21 14:02:09
564;ISS SERVICES;354070097268366;;2021-04-21 14:02:09
564;ISS SERVICES;354070097268440;;2021-04-21 14:02:09
564;ISS SERVICES;354070097268440;;2021-04-21 14:02:09
564;ISS SERVICES;355245250842475;;2021-04-21 14:07:12
564;ISS SERVICES;355245250843333;;2021-04-21 14:07:12
564;ISS SERVICES;355245250844307;;2021-04-21 14:07:12
564;ISS SERVICES;355245250846062;;2021-04-21 14:07:12
564;ISS SERVICES;355245250846203;;2021-04-21 14:07:12
564;ISS SERVICES;355245250846575;;2021-04-21 14:07:12
564;ISS SERVICES;355245250852359;;2021-04-21 14:07:12
564;ISS SERVICES;355245250863562;;2021-04-21 14:07:12
564;ISS SERVICES;355245250863711;;2021-04-21 14:07:12
564;ISS SERVICES;355245250864990;;2021-04-21 14:07:12
564;ISS SERVICES;355245250865344;;2021-04-21 14:07:12
564;ISS SERVICES;355245250865500;;2021-04-21 14:07:12
564;ISS SERVICES;355245254162979;;2021-04-21 14:07:12
564;ISS SERVICES;355245254408349;;2021-04-21 14:07:12
564;ISS SERVICES;355245254414925;;2021-04-21 14:07:12
564;ISS SERVICES;355245254420633;;2021-04-21 14:07:12
564;ISS SERVICES;355245254421631;;2021-04-21 14:07:12
564;ISS SERVICES;355245254421656;;2021-04-21 14:07:12
564;ISS SERVICES;355245254421664;;2021-04-21 14:07:12
564;ISS SERVICES;355245254422027;;2021-04-21 14:07:12
564;ISS SERVICES;355245254423207;;2021-04-21 14:07:12
564;ISS SERVICES;355245254423272;;2021-04-21 14:07:12
564;ISS SERVICES;355245254423827;;2021-04-21 14:07:12
564;ISS SERVICES;355245254425574;;2021-04-21 14:07:12
564;ISS SERVICES;355245254427299;;2021-04-21 14:07:12
564;ISS SERVICES;355245254427604;;2021-04-21 14:07:12
564;ISS SERVICES;355245254428644;;2021-04-21 14:07:12
564;ISS SERVICES;355245254428891;;2021-04-21 14:07:12
564;ISS SERVICES;355245254429550;;2021-04-21 14:07:12
564;ISS SERVICES;355245254429923;;2021-04-21 14:07:12
564;ISS SERVICES;355245254431184;;2021-04-21 14:07:12
564;ISS SERVICES;355245254431200;;2021-04-21 14:07:12
564;ISS SERVICES;355245254432976;;2021-04-21 14:07:12
564;ISS SERVICES;355245254433347;;2021-04-21 14:07:12
564;ISS SERVICES;355245254433362;;2021-04-21 14:07:12
564;ISS SERVICES;355245254434147;;2021-04-21 14:07:12
564;ISS SERVICES;355245254434212;;2021-04-21 14:07:12
564;ISS SERVICES;355245254434683;;2021-04-21 14:07:12
564;ISS SERVICES;355245254435185;;2021-04-21 14:07:12
564;ISS SERVICES;355245254435227;;2021-04-21 14:07:12
564;ISS SERVICES;355245254435250;;2021-04-21 14:07:12
564;ISS SERVICES;355245254435805;;2021-04-21 14:07:12
564;ISS SERVICES;355245254436308;;2021-04-21 14:07:12
564;ISS SERVICES;355245254436571;;2021-04-21 14:07:12
564;ISS SERVICES;355245254437397;;2021-04-21 14:07:12
564;ISS SERVICES;355245254437470;;2021-04-21 14:07:12
564;ISS SERVICES;355245254437900;;2021-04-21 14:07:12
564;ISS SERVICES;355245254437934;;2021-04-21 14:07:12
564;ISS SERVICES;355245254438015;;2021-04-21 14:07:12
564;ISS SERVICES;355245254438031;;2021-04-21 14:07:12
564;ISS SERVICES;355245254438213;;2021-04-21 14:07:12
564;ISS SERVICES;355245254763305;;2021-04-21 14:07:12
564;ISS SERVICES;355245254763537;;2021-04-21 14:07:12
564;ISS SERVICES;355245254763859;;2021-04-21 14:07:12
564;ISS SERVICES;355245254764071;;2021-04-21 14:07:12
564;ISS SERVICES;355245254770771;;2021-04-21 14:07:12
564;ISS SERVICES;355245254771126;;2021-04-21 14:07:12
564;ISS SERVICES;355245254775440;;2021-04-21 14:07:12
564;ISS SERVICES;355245254775523;;2021-04-21 14:07:12
564;ISS SERVICES;355245254778105;;2021-04-21 14:07:12
564;ISS SERVICES;355523110003664;;2021-04-21 14:07:12
564;ISS SERVICES;355523110003698;;2021-04-21 14:07:12
564;ISS SERVICES;355523110003987;;2021-04-21 14:07:12
564;ISS SERVICES;355523110004910;;2021-04-21 14:07:12
564;ISS SERVICES;355523110005008;;2021-04-21 14:07:12
564;ISS SERVICES;355523110008135;;2021-04-21 14:07:12
564;ISS SERVICES;355523110008549;;2021-04-21 14:07:12
564;ISS SERVICES;355523110008663;;2021-04-21 14:07:12
564;ISS SERVICES;355523110009638;;2021-04-21 14:07:12
564;ISS SERVICES;355523110009695;;2021-04-21 14:07:12
564;ISS SERVICES;355523110013614;;2021-04-21 14:07:12
564;ISS SERVICES;355523110013622;;2021-04-21 14:07:12
564;ISS SERVICES;355523110016906;;2021-04-21 14:07:12
564;ISS SERVICES;355523110017789;;2021-04-21 14:07:12
564;ISS SERVICES;355523112228871;;2021-04-21 14:07:12
564;ISS SERVICES;355523112234457;;2021-04-21 14:07:12
564;ISS SERVICES;355523112239654;;2021-04-21 14:07:12
564;ISS SERVICES;355523112241783;;2021-04-21 14:07:12
564;ISS SERVICES;355523112242526;;2021-04-21 14:07:12
564;ISS SERVICES;355523112245453;;2021-04-21 14:07:12
564;ISS SERVICES;355523112246642;;2021-04-21 14:07:12
564;ISS SERVICES;355523112248721;;2021-04-21 14:07:12
564;ISS SERVICES;355523112249596;;2021-04-21 14:07:12
564;ISS SERVICES;355523112249638;;2021-04-21 14:07:12
564;ISS SERVICES;355523112249851;;2021-04-21 14:07:12
564;ISS SERVICES;355523112249885;;2021-04-21 14:07:12
564;ISS SERVICES;355523112250198;;2021-04-21 14:07:12
564;ISS SERVICES;355523112250479;;2021-04-21 14:07:12
564;ISS SERVICES;355523112250511;;2021-04-21 14:07:12
564;ISS SERVICES;355523112250800;;2021-04-21 14:07:12
564;ISS SERVICES;355523112250842;;2021-04-21 14:07:12
564;ISS SERVICES;355523112251014;;2021-04-21 14:07:12
564;ISS SERVICES;355523112251071;;2021-04-21 14:07:12
564;ISS SERVICES;355523112251113;;2021-04-21 14:07:12
564;ISS SERVICES;355523112251287;;2021-04-21 14:07:12
564;ISS SERVICES;355523112251352;;2021-04-21 14:07:12
564;ISS SERVICES;355523112251402;;2021-04-21 14:07:12
564;ISS SERVICES;355523112251691;;2021-04-21 14:07:12
564;ISS SERVICES;355523112252087;;2021-04-21 14:07:12
564;ISS SERVICES;355523112252087;;2021-04-21 14:07:12
564;ISS SERVICES;352047117224761;;2021-04-21 13:57:39
564;ISS SERVICES;352047117226865;;2021-04-21 13:57:39
564;ISS SERVICES;352047117228648;;2021-04-21 13:57:39
564;ISS SERVICES;352047117231204;;2021-04-21 13:57:39
564;ISS SERVICES;352047117370010;;2021-04-21 13:57:39
564;ISS SERVICES;352047117370119;;2021-04-21 13:57:39
564;ISS SERVICES;352047117370341;;2021-04-21 13:57:39
564;ISS SERVICES;352047117371026;;2021-04-21 13:57:39
564;ISS SERVICES;352047117371240;;2021-04-21 13:57:39
564;ISS SERVICES;352047117373303;;2021-04-21 13:57:39
564;ISS SERVICES;352047117374319;;2021-04-21 13:57:39
564;ISS SERVICES;352047117374350;;2021-04-21 13:57:39
564;ISS SERVICES;352047117374368;;2021-04-21 13:57:39
564;ISS SERVICES;352047117374566;;2021-04-21 13:57:39
564;ISS SERVICES;352047117374616;;2021-04-21 13:57:39
564;ISS SERVICES;352047117375084;;2021-04-21 13:57:39
564;ISS SERVICES;352158091539387;;2021-04-21 13:57:39
564;ISS SERVICES;352318064030828;;2021-04-21 13:57:39
564;ISS SERVICES;352318064036635;;2021-04-21 13:57:39
564;ISS SERVICES;352621085545363;;2021-04-21 13:57:39
564;ISS SERVICES;352621085546114;;2021-04-21 13:57:39
564;ISS SERVICES;352621085546346;;2021-04-21 13:57:39
564;ISS SERVICES;352621085546700;;2021-04-21 13:57:39
564;ISS SERVICES;352621085546775;;2021-04-21 13:57:39
564;ISS SERVICES;352621085546874;;2021-04-21 13:57:39
564;ISS SERVICES;352621085546908;;2021-04-21 13:57:39
564;ISS SERVICES;352621085568472;;2021-04-21 13:57:39
564;ISS SERVICES;352621085568704;;2021-04-21 13:57:39
564;ISS SERVICES;352621085568753;;2021-04-21 13:57:39
564;ISS SERVICES;352621085569181;;2021-04-21 13:57:39
564;ISS SERVICES;352621085569876;;2021-04-21 13:57:39
564;ISS SERVICES;352621085570080;;2021-04-21 13:57:39
564;ISS SERVICES;352621085570148;;2021-04-21 13:57:39
564;ISS SERVICES;352807080665757;;2021-04-21 13:57:39
564;ISS SERVICES;352807080668694;;2021-04-21 13:57:39
564;ISS SERVICES;352807080668868;;2021-04-21 13:57:39
564;ISS SERVICES;352807080669122;;2021-04-21 13:57:39
564;ISS SERVICES;352807080713250;;2021-04-21 13:57:39
564;ISS SERVICES;352807081044770;;2021-04-21 13:57:39
564;ISS SERVICES;352807081044812;;2021-04-21 13:57:39
564;ISS SERVICES;352807081046288;;2021-04-21 13:57:39
564;ISS SERVICES;352807081587604;;2021-04-21 13:57:39
564;ISS SERVICES;352807082231301;;2021-04-21 13:57:39
564;ISS SERVICES;352807082231335;;2021-04-21 13:57:39
564;ISS SERVICES;352807082270267;;2021-04-21 13:57:39
564;ISS SERVICES;352807082298904;;2021-04-21 13:57:39
564;ISS SERVICES;352807082439995;;2021-04-21 13:57:39
564;ISS SERVICES;352807082440829;;2021-04-21 13:57:39
564;ISS SERVICES;352807082441173;;2021-04-21 13:57:39
564;ISS SERVICES;352807082442866;;2021-04-21 13:57:39
564;ISS SERVICES;352807082443062;;2021-04-21 13:57:39
564;ISS SERVICES;352807082444433;;2021-04-21 13:57:39
564;ISS SERVICES;352947091156097;;2021-04-21 13:57:39
564;ISS SERVICES;352947092729918;;2021-04-21 13:57:39
564;ISS SERVICES;352947093110910;;2021-04-21 13:57:39
564;ISS SERVICES;352947094207723;;2021-04-21 13:57:39
564;ISS SERVICES;352947095837445;;2021-04-21 13:57:39
564;ISS SERVICES;352947095838963;;2021-04-21 13:57:39
564;ISS SERVICES;352947095870453;;2021-04-21 13:57:39
564;ISS SERVICES;352947095878704;;2021-04-21 13:57:39
564;ISS SERVICES;352947095880676;;2021-04-21 13:57:39
564;ISS SERVICES;352947095882524;;2021-04-21 13:57:39
564;ISS SERVICES;352947095886384;;2021-04-21 13:57:39
564;ISS SERVICES;352947095906703;;2021-04-21 13:57:39
564;ISS SERVICES;352947095906745;;2021-04-21 13:57:39
564;ISS SERVICES;352947095984403;;2021-04-21 13:57:39
564;ISS SERVICES;352947096061300;;2021-04-21 13:57:39
564;ISS SERVICES;352947096102682;;2021-04-21 13:57:39
564;ISS SERVICES;352947096102831;;2021-04-21 13:57:39
564;ISS SERVICES;352947096103573;;2021-04-21 13:57:39
564;ISS SERVICES;352947096104506;;2021-04-21 13:57:39
564;ISS SERVICES;352947098426667;;2021-04-21 13:57:39
564;ISS SERVICES;352947098430529;;2021-04-21 13:57:39
564;ISS SERVICES;352947098430669;;2021-04-21 13:57:39
564;ISS SERVICES;352947098435684;;2021-04-21 13:57:39
564;ISS SERVICES;352947098449107;;2021-04-21 13:57:39
564;ISS SERVICES;352947098465855;;2021-04-21 13:57:39
564;ISS SERVICES;352947098721208;;2021-04-21 13:57:39
564;ISS SERVICES;352947098721273;;2021-04-21 13:57:39
564;ISS SERVICES;352947098721315;;2021-04-21 13:57:39
564;ISS SERVICES;352947098721513;;2021-04-21 13:57:39
564;ISS SERVICES;352947098722107;;2021-04-21 13:57:39
564;ISS SERVICES;352947098989318;;2021-04-21 13:57:39
564;ISS SERVICES;352947099046761;;2021-04-21 13:57:39
564;ISS SERVICES;352947099183291;;2021-04-21 13:57:39
564;ISS SERVICES;352947099183366;;2021-04-21 13:57:39
564;ISS SERVICES;352947099232528;;2021-04-21 13:57:39
564;ISS SERVICES;353228112512249;;2021-04-21 13:57:39
564;ISS SERVICES;353228112513858;;2021-04-21 13:57:39
564;ISS SERVICES;353228112514146;;2021-04-21 13:57:39
564;ISS SERVICES;353228112514427;;2021-04-21 13:57:39
564;ISS SERVICES;353228112666219;;2021-04-21 13:57:39
564;ISS SERVICES;353228112666227;;2021-04-21 13:57:39
564;ISS SERVICES;353228112678271;;2021-04-21 13:57:39
564;ISS SERVICES;353228112678628;;2021-04-21 13:57:39
564;ISS SERVICES;353228112679428;;2021-04-21 13:57:39
564;ISS SERVICES;353228112680038;;2021-04-21 13:57:39
564;ISS SERVICES;353228112680160;;2021-04-21 13:57:39
564;ISS SERVICES;353228112680319;;2021-04-21 13:57:39
564;ISS SERVICES;353228112680319;;2021-04-21 13:57:39
564;ISS SERVICES;354462117651145 ;;2021-04-22 11:25:09
564;ISS SERVICES;354462110434507;;2021-04-22 11:25:09
564;ISS SERVICES;358360106315464;;2021-08-04 16:52:59
564;ISS SERVICES;352047116713657;;2021-08-04 16:52:59
564;ISS SERVICES;352047116531984;;2021-08-04 16:52:59
564;ISS SERVICES;358360109604138;;2021-08-04 16:52:59
564;ISS SERVICES;356789100815040;;2021-08-04 16:52:59
564;ISS SERVICES;356789108630284;;2021-08-04 16:52:59
564;ISS SERVICES;356789100850658;;2021-08-04 16:52:59
564;ISS SERVICES;357631097544432;;2021-08-04 16:52:59
564;ISS SERVICES;352047116707543;;2021-08-04 16:52:59
564;ISS SERVICES;355183624860081;;2021-08-04 16:52:59
564;ISS SERVICES;355183624968611;;2021-08-04 16:52:59
564;ISS SERVICES;355183624974593;;2021-08-04 16:52:59
564;ISS SERVICES;355183624968504;;2021-08-04 16:52:59
564;ISS SERVICES;355183624849720;;2021-08-04 16:52:59
564;ISS SERVICES;355183624967985;;2021-08-04 16:52:59
564;ISS SERVICES;355183624866112;;2021-08-04 16:52:59
564;ISS SERVICES;355183624863317;;2021-08-04 16:52:59
564;ISS SERVICES;355183624857731;;2021-08-04 16:52:59
564;ISS SERVICES;355183624869488;;2021-08-04 16:52:59
564;ISS SERVICES;351921581199900;;2021-08-04 16:52:59
564;ISS SERVICES;351921581243013;;2021-08-04 16:52:59
564;ISS SERVICES;351921581242031;;2021-08-04 16:52:59
564;ISS SERVICES;351921581243260;;2021-08-04 16:52:59
564;ISS SERVICES;351921581199975;;2021-08-04 16:52:59
564;ISS SERVICES;351921581185743;;2021-08-04 16:52:59
564;ISS SERVICES;351921581199413;;2021-08-04 16:52:59
564;ISS SERVICES;351921581200195;;2021-08-04 16:52:59
564;ISS SERVICES;351921581242759;;2021-08-04 16:52:59
564;ISS SERVICES;351921581242080;;2021-08-04 16:52:59
564;ISS SERVICES;351921581206549;;2021-08-04 16:52:59
564;ISS SERVICES;351921581242494;;2021-08-04 16:52:59
564;ISS SERVICES;351921581240001;;2021-08-04 16:52:59
564;ISS SERVICES;351921581188424;;2021-08-04 16:52:59
564;ISS SERVICES;351921581199470;;2021-08-04 16:52:59
564;ISS SERVICES;351921581242296;;2021-08-04 16:52:59
564;ISS SERVICES;351921581199397;;2021-08-04 16:52:59
564;ISS SERVICES;351921581242247;;2021-08-04 16:52:59
564;ISS SERVICES;351921581204593;;2021-08-04 16:52:59
564;ISS SERVICES;351921581186253;;2021-08-04 16:52:59
564;ISS SERVICES;351921581242239;;2021-08-04 16:52:59
564;ISS SERVICES;351921581199751;;2021-08-04 16:52:59
564;ISS SERVICES;351921581186782;;2021-08-04 16:52:59
564;ISS SERVICES;351921581242791;;2021-08-04 16:52:59
564;ISS SERVICES;351921581186840;;2021-08-04 16:52:59
564;ISS SERVICES;351921581200021;;2021-08-04 16:52:59
564;ISS SERVICES;351921581243328;;2021-08-04 16:52:59
564;ISS SERVICES;351921581206580;;2021-08-04 16:52:59
564;ISS SERVICES;351921581199686;;2021-08-04 16:52:59
564;ISS SERVICES;351921581199363;;2021-08-04 16:52:59
564;ISS SERVICES;351921581242130;;2021-08-04 16:52:59
564;ISS SERVICES;351921581199348;;2021-08-04 16:52:59
564;ISS SERVICES;351921581200211;;2021-08-04 16:52:59
564;ISS SERVICES;351921581189554;;2021-08-04 16:52:59
564;ISS SERVICES;351921581244029;;2021-08-04 16:52:59
564;ISS SERVICES;351921581204676;;2021-08-04 16:52:59
564;ISS SERVICES;351921581199629;;2021-08-04 16:52:59
564;ISS SERVICES;351921581243591;;2021-08-04 16:52:59
564;ISS SERVICES;351921581242536;;2021-08-04 16:52:59
564;ISS SERVICES;351921581200641;;2021-08-04 16:52:59
564;ISS SERVICES;351921581240118;;2021-08-04 16:52:59
564;ISS SERVICES;351921581200005;;2021-08-04 16:52:59
564;ISS SERVICES;351921581199827;;2021-08-04 16:52:59
564;ISS SERVICES;351921581242288;;2021-08-04 16:52:59
564;ISS SERVICES;351921581186469;;2021-08-04 16:52:59
564;ISS SERVICES;351921581244052;;2021-08-04 16:52:59
564;ISS SERVICES;351921581243906;;2021-08-04 16:52:59
564;ISS SERVICES;351921581243377;;2021-08-04 16:52:59
564;ISS SERVICES;351921581240837;;2021-08-04 16:52:59
564;ISS SERVICES;356054115832336;;2021-08-04 16:52:59
564;ISS SERVICES;356054115834340;;2021-08-04 16:52:59
564;ISS SERVICES;356054115834514;;2021-08-04 16:52:59
564;ISS SERVICES;356054115832120;;2021-08-04 16:52:59
564;ISS SERVICES;356054115834126;;2021-08-04 16:52:59
564;ISS SERVICES;356054115834159;;2021-08-04 16:52:59
564;ISS SERVICES;356054115834779;;2021-08-04 16:52:59
564;ISS SERVICES;356054115834266;;2021-08-04 16:52:59
564;ISS SERVICES;356054115841501;;2021-08-04 16:52:59
564;ISS SERVICES;356054115837848;;2021-08-04 16:52:59
564;ISS SERVICES;356054115841709;;2021-08-04 16:52:59
564;ISS SERVICES;356054115837509;;2021-08-04 16:52:59
564;ISS SERVICES;356054115841527;;2021-08-04 16:52:59
564;ISS SERVICES;356054115841899;;2021-08-04 16:52:59
564;ISS SERVICES;356054115841634;;2021-08-04 16:52:59
564;ISS SERVICES;356054115834738;;2021-08-04 16:52:59
564;ISS SERVICES;356054115834688;;2021-08-04 16:52:59
564;ISS SERVICES;356054115834753;;2021-08-04 16:52:59
564;ISS SERVICES;356054115834795;;2021-08-04 16:52:59
564;ISS SERVICES;356054115834621;;2021-08-04 16:52:59
564;ISS SERVICES;356054116906477;;2021-09-02 14:25:52
564;ISS SERVICES;356054116904522;;2021-09-02 14:25:52
564;ISS SERVICES;356054116899888;;2021-09-02 14:25:52
564;ISS SERVICES;356054116898997;;2021-09-02 14:25:52
564;ISS SERVICES;356054116903284;;2021-09-02 14:25:52
564;ISS SERVICES;356054116902773;;2021-09-02 14:25:52
564;ISS SERVICES;356054116905537;;2021-09-02 14:25:52
564;ISS SERVICES;356054116899623;;2021-09-02 14:25:52
564;ISS SERVICES;356054116905321;;2021-09-02 14:25:52
564;ISS SERVICES;356054116905354;;2021-09-02 14:25:52
564;ISS SERVICES;356054116903557;;2021-09-02 14:25:52
564;ISS SERVICES;356054116903367;;2021-09-02 14:25:52
564;ISS SERVICES;356054113285115;;2021-09-02 14:25:52
564;ISS SERVICES;356054116905347;;2021-09-02 14:25:52
564;ISS SERVICES;356054116903318;;2021-09-02 14:25:52
564;ISS SERVICES;356054116906022;;2021-09-02 14:25:52
564;ISS SERVICES;356054116904860;;2021-09-02 14:25:52
564;ISS SERVICES;356054116901270;;2021-09-02 14:25:52
564;ISS SERVICES;356054116900926;;2021-09-02 14:25:52
564;ISS SERVICES;355183624860933;;2021-09-02 14:25:52
564;ISS SERVICES;355183624832098;;2021-09-02 14:25:52
564;ISS SERVICES;355183624848268;;2021-09-02 14:25:52
564;ISS SERVICES;355183624847765;;2021-09-02 14:25:52
564;ISS SERVICES;355183624841073;;2021-09-02 14:25:52
564;ISS SERVICES;355183624853706;;2021-09-02 14:25:52
564;ISS SERVICES;355183624863986;;2021-09-02 14:25:52
564;ISS SERVICES;351016310288973;;2021-09-02 14:25:52
564;ISS SERVICES;355183624849886;;2021-09-02 14:25:52
564;ISS SERVICES;351016310218707;;2021-09-02 14:25:52
564;ISS SERVICES;355183624830282;;2021-09-02 14:25:52
564;ISS SERVICES;355183624834821;;2021-09-02 14:25:52
564;ISS SERVICES;355183624827809;;2021-09-02 14:25:52
564;ISS SERVICES;355183624838905;;2021-09-02 14:25:52
564;ISS SERVICES;355183624838764;;2021-09-02 14:25:52
564;ISS SERVICES;355183624838863;;2021-09-02 14:25:52
564;ISS SERVICES;355183624844432;;2021-09-02 14:25:52
564;ISS SERVICES;355183624834888;;2021-09-02 14:25:52
564;ISS SERVICES;355183624834813;;2021-09-02 14:25:52
564;ISS SERVICES;355183624832353;;2021-09-02 14:25:52
564;ISS SERVICES;355183624861840;;2021-09-02 14:25:52
564;ISS SERVICES;355183624857418;;2021-09-02 14:25:52
564;ISS SERVICES;355183624869959;;2021-09-02 14:25:52
564;ISS SERVICES;355183624857350;;2021-09-02 14:25:52
564;ISS SERVICES;355183624858655;;2021-09-02 14:25:52
564;ISS SERVICES;355183624861881;;2021-09-02 14:25:52
564;ISS SERVICES;355183624850371;;2021-09-02 14:25:52
564;ISS SERVICES;355183624859992;;2021-09-02 14:25:52
564;ISS SERVICES;355183624860008;;2021-09-02 14:25:52
564;ISS SERVICES;355183624861519;;2021-09-02 14:25:52
564;ISS SERVICES;355183624865692;;2021-09-02 14:25:52
564;ISS SERVICES;355183624868522;;2021-09-02 14:25:52
564;ISS SERVICES;355183624867524;;2021-09-02 14:25:52
564;ISS SERVICES;355183624867557;;2021-09-02 14:25:52
564;ISS SERVICES;355183624869538;;2021-09-02 14:25:52
564;ISS SERVICES;355183624850926;;2021-09-02 14:25:52
564;ISS SERVICES;355183624869512;;2021-09-02 14:25:52
564;ISS SERVICES;355183624869553;;2021-09-02 14:25:52
564;ISS SERVICES;355183624868472;;2021-09-02 14:25:52
564;ISS SERVICES;355183624869470;;2021-09-02 14:25:52
564;ISS SERVICES;351921584287934;;2021-09-02 14:25:38
564;ISS SERVICES;351921584309688;;2021-09-02 14:25:38
564;ISS SERVICES;351921584290300;;2021-09-02 14:25:38
564;ISS SERVICES;351921584291589;;2021-09-02 14:25:38
564;ISS SERVICES;351452967760941;;2021-09-02 14:25:38
564;ISS SERVICES;351452967766658;;2021-09-02 14:25:38
564;ISS SERVICES;351452967810514;;2021-09-02 14:25:38
564;ISS SERVICES;351452967765007;;2021-09-02 14:25:38
564;ISS SERVICES;351452967740703;;2021-09-02 14:25:38
564;ISS SERVICES;351452967782705;;2021-09-02 14:25:38
564;ISS SERVICES;351452967785278;;2021-09-02 14:25:38
564;ISS SERVICES;351452967740745;;2021-09-02 14:25:38
564;ISS SERVICES;351452967760990;;2021-09-02 14:25:38
564;ISS SERVICES;351452967801497;;2021-09-02 14:25:38
564;ISS SERVICES;351452967801455;;2021-09-02 14:25:38
564;ISS SERVICES;351452967740935;;2021-09-02 14:25:38
564;ISS SERVICES;351452967740992;;2021-09-02 14:25:38
564;ISS SERVICES;351452967740976;;2021-09-02 14:25:38
564;ISS SERVICES;351452967810555;;2021-09-02 14:25:38
564;ISS SERVICES;351452967740273;;2021-09-02 14:25:38
564;ISS SERVICES;351452968034346;;2021-09-02 14:25:38
564;ISS SERVICES;351452968034262;;2021-09-02 14:25:38
564;ISS SERVICES;351452967740315;;2021-09-02 14:25:38
564;ISS SERVICES;351452967740323;;2021-09-02 14:25:38
564;ISS SERVICES;351452968036879;;2021-09-02 14:25:38
564;ISS SERVICES;351452968036929;;2021-09-02 14:25:38
564;ISS SERVICES;355183624960832;;2021-09-02 14:25:38
564;ISS SERVICES;351452967740661;;2021-09-02 14:25:38
564;ISS SERVICES;351452967740240;;2021-09-02 14:25:38
564;ISS SERVICES;351452967740752;;2021-09-02 14:25:38
564;ISS SERVICES;351452968036978;;2021-09-02 14:25:38
564;ISS SERVICES;351452967740331;;2021-09-02 14:25:38
564;ISS SERVICES;351452967740851;;2021-09-02 14:25:38
564;ISS SERVICES;351452967740042;;2021-09-02 14:25:38
564;ISS SERVICES;351452968036333;;2021-09-02 14:25:38
564;ISS SERVICES;351921583985306;;2021-09-02 14:25:38
564;ISS SERVICES;351921584001186;;2021-09-02 14:25:38
564;ISS SERVICES;351921583999018;;2021-09-02 14:25:38
564;ISS SERVICES;351921584007498;;2021-09-02 14:25:38
564;ISS SERVICES;351921583999463;;2021-09-02 14:25:38
564;ISS SERVICES;351921583999133;;2021-09-02 14:25:38
564;ISS SERVICES;351921583988045;;2021-09-02 14:25:38
564;ISS SERVICES;351921583997954;;2021-09-02 14:25:38
564;ISS SERVICES;351921583997749;;2021-09-02 14:25:38
564;ISS SERVICES;351921583994985;;2021-09-02 14:25:38
564;ISS SERVICES;351921584006300;;2021-09-02 14:25:38
564;ISS SERVICES;351921583993888;;2021-09-02 14:25:38
564;ISS SERVICES;351921583987740;;2021-09-02 14:25:38
564;ISS SERVICES;351921583999265;;2021-09-02 14:25:38
564;ISS SERVICES;356054116899524;;2021-09-02 14:51:55
564;ISS SERVICES;356789105997603;;2021-09-07 10:06:56
564;ISS SERVICES;351518941158749;;2021-10-29 15:18:26
564;ISS SERVICES;351518941160000;;2021-10-29 15:18:26
564;ISS SERVICES;351518941160083;;2021-10-29 15:18:26
564;ISS SERVICES;351518941161222;;2021-10-29 15:18:26
564;ISS SERVICES;351518941162865;;2021-10-29 15:18:26
564;ISS SERVICES;351518941163301;;2021-10-29 15:18:26
564;ISS SERVICES;351518941164150;;2021-10-29 15:18:26
564;ISS SERVICES;351518941164861;;2021-10-29 15:18:26
564;ISS SERVICES;351518941164903;;2021-10-29 15:18:26
564;ISS SERVICES;351518941164929;;2021-10-29 15:18:26
564;ISS SERVICES;351518941164978;;2021-10-29 15:18:26
564;ISS SERVICES;351518941165231;;2021-10-29 15:18:26
564;ISS SERVICES;351518941165421;;2021-10-29 15:18:26
564;ISS SERVICES;351518941166007;;2021-10-29 15:18:26
564;ISS SERVICES;351518941081883;;2021-10-29 15:18:26
564;ISS SERVICES;351518941081958;;2021-10-29 15:18:26
564;ISS SERVICES;351518941082121;;2021-10-29 15:18:26
564;ISS SERVICES;351518941159515;;2021-10-29 15:18:26
564;ISS SERVICES;351518941162394;;2021-10-29 15:18:26
564;ISS SERVICES;351518941163442;;2021-10-29 15:18:26
